test,task_id,context_mode,generated_model,sample_stratum,expected_accept,actual_accept,passed,reason
valid_release_receipt,antitrust-competition/compare-corporate-antitrust-compliance-program-against-doj-and-ftc-guidelines,activated,MiniMax-M2.7-highspeed,control,1,1,1,accepted
stale_artifact_hash_replay,antitrust-competition/compare-corporate-antitrust-compliance-program-against-doj-and-ftc-guidelines,activated,MiniMax-M2.7-highspeed,control,0,0,1,artifact_hash_mismatch
cross_matter_replay,antitrust-competition/compare-corporate-antitrust-compliance-program-against-doj-and-ftc-guidelines,activated,MiniMax-M2.7-highspeed,control,0,0,1,matter_hash_mismatch
wrong_audience_replay,antitrust-competition/compare-corporate-antitrust-compliance-program-against-doj-and-ftc-guidelines,activated,MiniMax-M2.7-highspeed,control,0,0,1,audience_mismatch
wrong_release_scope_replay,antitrust-competition/compare-corporate-antitrust-compliance-program-against-doj-and-ftc-guidelines,activated,MiniMax-M2.7-highspeed,control,0,0,1,release_mode_mismatch
missing_review_scope_replay,antitrust-competition/compare-corporate-antitrust-compliance-program-against-doj-and-ftc-guidelines,activated,MiniMax-M2.7-highspeed,control,0,0,1,review_scope_mismatch
receipt_type_confusion_as_release,antitrust-competition/compare-corporate-antitrust-compliance-program-against-doj-and-ftc-guidelines,activated,MiniMax-M2.7-highspeed,control,0,0,1,wrong_receipt_type
valid_release_receipt,antitrust-competition/compare-corporate-antitrust-compliance-program-against-doj-and-ftc-guidelines,raw_full,MiniMax-M2.7-highspeed,control,1,1,1,accepted
stale_artifact_hash_replay,antitrust-competition/compare-corporate-antitrust-compliance-program-against-doj-and-ftc-guidelines,raw_full,MiniMax-M2.7-highspeed,control,0,0,1,artifact_hash_mismatch
cross_matter_replay,antitrust-competition/compare-corporate-antitrust-compliance-program-against-doj-and-ftc-guidelines,raw_full,MiniMax-M2.7-highspeed,control,0,0,1,matter_hash_mismatch
wrong_audience_replay,antitrust-competition/compare-corporate-antitrust-compliance-program-against-doj-and-ftc-guidelines,raw_full,MiniMax-M2.7-highspeed,control,0,0,1,audience_mismatch
wrong_release_scope_replay,antitrust-competition/compare-corporate-antitrust-compliance-program-against-doj-and-ftc-guidelines,raw_full,MiniMax-M2.7-highspeed,control,0,0,1,release_mode_mismatch
missing_review_scope_replay,antitrust-competition/compare-corporate-antitrust-compliance-program-against-doj-and-ftc-guidelines,raw_full,MiniMax-M2.7-highspeed,control,0,0,1,review_scope_mismatch
receipt_type_confusion_as_release,antitrust-competition/compare-corporate-antitrust-compliance-program-against-doj-and-ftc-guidelines,raw_full,MiniMax-M2.7-highspeed,control,0,0,1,wrong_receipt_type
receipt_type_confusion_as_release,antitrust-competition/draft-antitrust-competition,activated,MiniMax-M2.7-highspeed,high_risk,0,0,1,wrong_receipt_type
receipt_type_confusion_as_release,antitrust-competition/draft-leniency-application,activated,MiniMax-M2.7-highspeed,high_risk,0,0,1,wrong_receipt_type
receipt_type_confusion_as_release,antitrust-competition/draft-leniency-application,activated,deepseek-v4-flash,high_risk,0,0,1,wrong_receipt_type
receipt_type_confusion_as_release,antitrust-competition/draft-leniency-application,raw_full,MiniMax-M3,control,0,0,1,wrong_receipt_type
receipt_type_confusion_as_release,antitrust-competition/draft-response-to-investigative-subpoena,activated,MiniMax-M2.7-highspeed,high_risk,0,0,1,wrong_receipt_type
receipt_type_confusion_as_release,antitrust-competition/extract-key-custodians-from-document-preservation-notice,activated,MiniMax-M2.7-highspeed,high_risk,0,0,1,wrong_receipt_type
receipt_type_confusion_as_release,antitrust-competition/extract-key-custodians-from-document-preservation-notice,activated,deepseek-v4-flash,high_risk,0,0,1,wrong_receipt_type
receipt_type_confusion_as_release,antitrust-competition/extract-key-custodians-from-document-preservation-notice,raw_full,deepseek-v4-pro,control,0,0,1,wrong_receipt_type
valid_release_receipt,antitrust-competition/extract-key-findings-from-european-competition-authority-decision,activated,MiniMax-M3,control,1,1,1,accepted
stale_artifact_hash_replay,antitrust-competition/extract-key-findings-from-european-competition-authority-decision,activated,MiniMax-M3,control,0,0,1,artifact_hash_mismatch
cross_matter_replay,antitrust-competition/extract-key-findings-from-european-competition-authority-decision,activated,MiniMax-M3,control,0,0,1,matter_hash_mismatch
wrong_audience_replay,antitrust-competition/extract-key-findings-from-european-competition-authority-decision,activated,MiniMax-M3,control,0,0,1,audience_mismatch
wrong_release_scope_replay,antitrust-competition/extract-key-findings-from-european-competition-authority-decision,activated,MiniMax-M3,control,0,0,1,release_mode_mismatch
missing_review_scope_replay,antitrust-competition/extract-key-findings-from-european-competition-authority-decision,activated,MiniMax-M3,control,0,0,1,review_scope_mismatch
receipt_type_confusion_as_release,antitrust-competition/extract-key-findings-from-european-competition-authority-decision,activated,MiniMax-M3,control,0,0,1,wrong_receipt_type
receipt_type_confusion_as_release,antitrust-competition/extract-pricing-data-from-document-production,activated,MiniMax-M2.7-highspeed,high_risk,0,0,1,wrong_receipt_type
receipt_type_confusion_as_release,antitrust-competition/prepare-antitrust-risk-assessment,activated,deepseek-v4-flash,high_risk,0,0,1,wrong_receipt_type
valid_release_receipt,arbitration-international-dispute-resolution/analyze-counterparty-markup-of-arbitration-agreement,raw_full,MiniMax-M2.7-highspeed,control,1,1,1,accepted
stale_artifact_hash_replay,arbitration-international-dispute-resolution/analyze-counterparty-markup-of-arbitration-agreement,raw_full,MiniMax-M2.7-highspeed,control,0,0,1,artifact_hash_mismatch
cross_matter_replay,arbitration-international-dispute-resolution/analyze-counterparty-markup-of-arbitration-agreement,raw_full,MiniMax-M2.7-highspeed,control,0,0,1,matter_hash_mismatch
wrong_audience_replay,arbitration-international-dispute-resolution/analyze-counterparty-markup-of-arbitration-agreement,raw_full,MiniMax-M2.7-highspeed,control,0,0,1,audience_mismatch
wrong_release_scope_replay,arbitration-international-dispute-resolution/analyze-counterparty-markup-of-arbitration-agreement,raw_full,MiniMax-M2.7-highspeed,control,0,0,1,release_mode_mismatch
missing_review_scope_replay,arbitration-international-dispute-resolution/analyze-counterparty-markup-of-arbitration-agreement,raw_full,MiniMax-M2.7-highspeed,control,0,0,1,review_scope_mismatch
receipt_type_confusion_as_release,arbitration-international-dispute-resolution/analyze-counterparty-markup-of-arbitration-agreement,raw_full,MiniMax-M2.7-highspeed,control,0,0,1,wrong_receipt_type
receipt_type_confusion_as_release,arbitration-international-dispute-resolution/draft-application-to-set-aside-arbitration-award,activated,MiniMax-M2.7-highspeed,high_risk,0,0,1,wrong_receipt_type
receipt_type_confusion_as_release,arbitration-international-dispute-resolution/draft-emergency-application-for-interim-measures,activated,MiniMax-M2.7-highspeed,high_risk,0,0,1,wrong_receipt_type
receipt_type_confusion_as_release,arbitration-international-dispute-resolution/draft-expert-report-on-construction-delay-and-damages,activated,MiniMax-M2.7-highspeed,high_risk,0,0,1,wrong_receipt_type
receipt_type_confusion_as_release,arbitration-international-dispute-resolution/draft-interim-measures-request,activated,MiniMax-M2.7-highspeed,high_risk,0,0,1,wrong_receipt_type
receipt_type_confusion_as_release,arbitration-international-dispute-resolution/draft-interim-measures-request,activated,deepseek-v4-flash,high_risk,0,0,1,wrong_receipt_type
valid_release_receipt,arbitration-international-dispute-resolution/draft-interim-measures-request,raw_full,MiniMax-M3,control,1,1,1,accepted
stale_artifact_hash_replay,arbitration-international-dispute-resolution/draft-interim-measures-request,raw_full,MiniMax-M3,control,0,0,1,artifact_hash_mismatch
cross_matter_replay,arbitration-international-dispute-resolution/draft-interim-measures-request,raw_full,MiniMax-M3,control,0,0,1,matter_hash_mismatch
wrong_audience_replay,arbitration-international-dispute-resolution/draft-interim-measures-request,raw_full,MiniMax-M3,control,0,0,1,audience_mismatch
wrong_release_scope_replay,arbitration-international-dispute-resolution/draft-interim-measures-request,raw_full,MiniMax-M3,control,0,0,1,release_mode_mismatch
missing_review_scope_replay,arbitration-international-dispute-resolution/draft-interim-measures-request,raw_full,MiniMax-M3,control,0,0,1,review_scope_mismatch
receipt_type_confusion_as_release,arbitration-international-dispute-resolution/draft-interim-measures-request,raw_full,MiniMax-M3,control,0,0,1,wrong_receipt_type
receipt_type_confusion_as_release,arbitration-international-dispute-resolution/draft-interim-measures-request,raw_full,deepseek-v4-flash,control,0,0,1,wrong_receipt_type
receipt_type_confusion_as_release,arbitration-international-dispute-resolution/draft-notice-of-arbitration/scenario-02,activated,MiniMax-M2.7-highspeed,high_risk,0,0,1,wrong_receipt_type
valid_release_receipt,arbitration-international-dispute-resolution/draft-terms-of-reference-for-icc-arbitration,activated,MiniMax-M3,control,1,1,1,accepted
stale_artifact_hash_replay,arbitration-international-dispute-resolution/draft-terms-of-reference-for-icc-arbitration,activated,MiniMax-M3,control,0,0,1,artifact_hash_mismatch
cross_matter_replay,arbitration-international-dispute-resolution/draft-terms-of-reference-for-icc-arbitration,activated,MiniMax-M3,control,0,0,1,matter_hash_mismatch
wrong_audience_replay,arbitration-international-dispute-resolution/draft-terms-of-reference-for-icc-arbitration,activated,MiniMax-M3,control,0,0,1,audience_mismatch
wrong_release_scope_replay,arbitration-international-dispute-resolution/draft-terms-of-reference-for-icc-arbitration,activated,MiniMax-M3,control,0,0,1,release_mode_mismatch
missing_review_scope_replay,arbitration-international-dispute-resolution/draft-terms-of-reference-for-icc-arbitration,activated,MiniMax-M3,control,0,0,1,review_scope_mismatch
receipt_type_confusion_as_release,arbitration-international-dispute-resolution/draft-terms-of-reference-for-icc-arbitration,activated,MiniMax-M3,control,0,0,1,wrong_receipt_type
valid_release_receipt,arbitration-international-dispute-resolution/draft-terms-of-reference-for-icc-arbitration,activated,deepseek-v4-flash,control,1,1,1,accepted
stale_artifact_hash_replay,arbitration-international-dispute-resolution/draft-terms-of-reference-for-icc-arbitration,activated,deepseek-v4-flash,control,0,0,1,artifact_hash_mismatch
cross_matter_replay,arbitration-international-dispute-resolution/draft-terms-of-reference-for-icc-arbitration,activated,deepseek-v4-flash,control,0,0,1,matter_hash_mismatch
wrong_audience_replay,arbitration-international-dispute-resolution/draft-terms-of-reference-for-icc-arbitration,activated,deepseek-v4-flash,control,0,0,1,audience_mismatch
wrong_release_scope_replay,arbitration-international-dispute-resolution/draft-terms-of-reference-for-icc-arbitration,activated,deepseek-v4-flash,control,0,0,1,release_mode_mismatch
missing_review_scope_replay,arbitration-international-dispute-resolution/draft-terms-of-reference-for-icc-arbitration,activated,deepseek-v4-flash,control,0,0,1,review_scope_mismatch
receipt_type_confusion_as_release,arbitration-international-dispute-resolution/draft-terms-of-reference-for-icc-arbitration,activated,deepseek-v4-flash,control,0,0,1,wrong_receipt_type
valid_release_receipt,arbitration-international-dispute-resolution/draft-terms-of-reference-for-icc-arbitration,activated,deepseek-v4-pro,control,1,1,1,accepted
stale_artifact_hash_replay,arbitration-international-dispute-resolution/draft-terms-of-reference-for-icc-arbitration,activated,deepseek-v4-pro,control,0,0,1,artifact_hash_mismatch
cross_matter_replay,arbitration-international-dispute-resolution/draft-terms-of-reference-for-icc-arbitration,activated,deepseek-v4-pro,control,0,0,1,matter_hash_mismatch
wrong_audience_replay,arbitration-international-dispute-resolution/draft-terms-of-reference-for-icc-arbitration,activated,deepseek-v4-pro,control,0,0,1,audience_mismatch
wrong_release_scope_replay,arbitration-international-dispute-resolution/draft-terms-of-reference-for-icc-arbitration,activated,deepseek-v4-pro,control,0,0,1,release_mode_mismatch
missing_review_scope_replay,arbitration-international-dispute-resolution/draft-terms-of-reference-for-icc-arbitration,activated,deepseek-v4-pro,control,0,0,1,review_scope_mismatch
receipt_type_confusion_as_release,arbitration-international-dispute-resolution/draft-terms-of-reference-for-icc-arbitration,activated,deepseek-v4-pro,control,0,0,1,wrong_receipt_type
receipt_type_confusion_as_release,arbitration-international-dispute-resolution/draft-witness-statement,activated,MiniMax-M2.7-highspeed,high_risk,0,0,1,wrong_receipt_type
receipt_type_confusion_as_release,arbitration-international-dispute-resolution/extract-findings-from-arbitral-award,activated,MiniMax-M2.7-highspeed,high_risk,0,0,1,wrong_receipt_type
receipt_type_confusion_as_release,arbitration-international-dispute-resolution/extract-findings-from-arbitral-award,activated,deepseek-v4-flash,high_risk,0,0,1,wrong_receipt_type
receipt_type_confusion_as_release,banking-finance/credit-agreement-covenant-extraction,activated,MiniMax-M2.7-highspeed,high_risk,0,0,1,wrong_receipt_type
receipt_type_confusion_as_release,banking-finance/credit-agreement-covenant-extraction,raw_full,MiniMax-M2.7-highspeed,control,0,0,1,wrong_receipt_type
receipt_type_confusion_as_release,banking-finance/draft-commitment-letter,activated,MiniMax-M2.7-highspeed,high_risk,0,0,1,wrong_receipt_type
receipt_type_confusion_as_release,banking-finance/draft-credit-compliance-cert,activated,MiniMax-M2.7-highspeed,high_risk,0,0,1,wrong_receipt_type
receipt_type_confusion_as_release,banking-finance/draft-credit-compliance-cert,raw_full,MiniMax-M3,control,0,0,1,wrong_receipt_type
valid_release_receipt,banking-finance/draft-fee-letter,activated,MiniMax-M2.7-highspeed,control,1,1,1,accepted
stale_artifact_hash_replay,banking-finance/draft-fee-letter,activated,MiniMax-M2.7-highspeed,control,0,0,1,artifact_hash_mismatch
cross_matter_replay,banking-finance/draft-fee-letter,activated,MiniMax-M2.7-highspeed,control,0,0,1,matter_hash_mismatch
wrong_audience_replay,banking-finance/draft-fee-letter,activated,MiniMax-M2.7-highspeed,control,0,0,1,audience_mismatch
wrong_release_scope_replay,banking-finance/draft-fee-letter,activated,MiniMax-M2.7-highspeed,control,0,0,1,release_mode_mismatch
missing_review_scope_replay,banking-finance/draft-fee-letter,activated,MiniMax-M2.7-highspeed,control,0,0,1,review_scope_mismatch
receipt_type_confusion_as_release,banking-finance/draft-fee-letter,activated,MiniMax-M2.7-highspeed,control,0,0,1,wrong_receipt_type
receipt_type_confusion_as_release,banking-finance/draft-forbearance-agreement,activated,MiniMax-M2.7-highspeed,high_risk,0,0,1,wrong_receipt_type
receipt_type_confusion_as_release,banking-finance/draft-intercreditor-agreement,activated,MiniMax-M2.7-highspeed,high_risk,0,0,1,wrong_receipt_type
valid_release_receipt,banking-finance/draft-intercreditor-agreement,activated,MiniMax-M3,control,1,1,1,accepted
stale_artifact_hash_replay,banking-finance/draft-intercreditor-agreement,activated,MiniMax-M3,control,0,0,1,artifact_hash_mismatch
cross_matter_replay,banking-finance/draft-intercreditor-agreement,activated,MiniMax-M3,control,0,0,1,matter_hash_mismatch
wrong_audience_replay,banking-finance/draft-intercreditor-agreement,activated,MiniMax-M3,control,0,0,1,audience_mismatch
wrong_release_scope_replay,banking-finance/draft-intercreditor-agreement,activated,MiniMax-M3,control,0,0,1,release_mode_mismatch
missing_review_scope_replay,banking-finance/draft-intercreditor-agreement,activated,MiniMax-M3,control,0,0,1,review_scope_mismatch
receipt_type_confusion_as_release,banking-finance/draft-intercreditor-agreement,activated,MiniMax-M3,control,0,0,1,wrong_receipt_type
receipt_type_confusion_as_release,banking-finance/extract-intercreditor-agreement-terms,activated,MiniMax-M2.7-highspeed,high_risk,0,0,1,wrong_receipt_type
receipt_type_confusion_as_release,banking-finance/extract-intercreditor-agreement-terms,activated,deepseek-v4-flash,high_risk,0,0,1,wrong_receipt_type
receipt_type_confusion_as_release,banking-finance/extract-reporting-obligations-from-credit-agreement,activated,MiniMax-M2.7-highspeed,high_risk,0,0,1,wrong_receipt_type
receipt_type_confusion_as_release,bankruptcy-restructuring/compare-competing-bid-terms-against-stalking-horse-asset-purchase-agreement,raw_full,MiniMax-M2.7-highspeed,control,0,0,1,wrong_receipt_type
receipt_type_confusion_as_release,bankruptcy-restructuring/draft-dip-financing-motion,activated,MiniMax-M2.7-highspeed,high_risk,0,0,1,wrong_receipt_type
receipt_type_confusion_as_release,bankruptcy-restructuring/draft-dip-financing-motion,activated,deepseek-v4-flash,high_risk,0,0,1,wrong_receipt_type
receipt_type_confusion_as_release,bankruptcy-restructuring/draft-disclosure-statement,activated,MiniMax-M2.7-highspeed,high_risk,0,0,1,wrong_receipt_type
receipt_type_confusion_as_release,bankruptcy-restructuring/draft-first-day-motions,activated,deepseek-v4-flash,high_risk,0,0,1,wrong_receipt_type
receipt_type_confusion_as_release,bankruptcy-restructuring/draft-first-day-motions,raw_full,MiniMax-M3,control,0,0,1,wrong_receipt_type
receipt_type_confusion_as_release,bankruptcy-restructuring/draft-proposed-confirmation-order,activated,MiniMax-M2.7-highspeed,high_risk,0,0,1,wrong_receipt_type
receipt_type_confusion_as_release,bankruptcy-restructuring/draft-proposed-confirmation-order,activated,deepseek-v4-flash,high_risk,0,0,1,wrong_receipt_type
receipt_type_confusion_as_release,bankruptcy-restructuring/draft-proposed-confirmation-order,raw_full,deepseek-v4-pro,control,0,0,1,wrong_receipt_type
receipt_type_confusion_as_release,bankruptcy-restructuring/draft-voluntary-chapter-11-petition-and-schedules,activated,MiniMax-M2.7-highspeed,high_risk,0,0,1,wrong_receipt_type
receipt_type_confusion_as_release,bankruptcy-restructuring/draft-voluntary-chapter-11-petition-and-schedules,activated,deepseek-v4-flash,high_risk,0,0,1,wrong_receipt_type
valid_release_receipt,bankruptcy-restructuring/draft-voluntary-chapter-11-petition-and-schedules,raw_full,deepseek-v4-flash,control,1,1,1,accepted
stale_artifact_hash_replay,bankruptcy-restructuring/draft-voluntary-chapter-11-petition-and-schedules,raw_full,deepseek-v4-flash,control,0,0,1,artifact_hash_mismatch
cross_matter_replay,bankruptcy-restructuring/draft-voluntary-chapter-11-petition-and-schedules,raw_full,deepseek-v4-flash,control,0,0,1,matter_hash_mismatch
wrong_audience_replay,bankruptcy-restructuring/draft-voluntary-chapter-11-petition-and-schedules,raw_full,deepseek-v4-flash,control,0,0,1,audience_mismatch
wrong_release_scope_replay,bankruptcy-restructuring/draft-voluntary-chapter-11-petition-and-schedules,raw_full,deepseek-v4-flash,control,0,0,1,release_mode_mismatch
missing_review_scope_replay,bankruptcy-restructuring/draft-voluntary-chapter-11-petition-and-schedules,raw_full,deepseek-v4-flash,control,0,0,1,review_scope_mismatch
receipt_type_confusion_as_release,bankruptcy-restructuring/draft-voluntary-chapter-11-petition-and-schedules,raw_full,deepseek-v4-flash,control,0,0,1,wrong_receipt_type
receipt_type_confusion_as_release,bankruptcy-restructuring/extract-ballot-tallies-from-voting-report,activated,MiniMax-M2.7-highspeed,high_risk,0,0,1,wrong_receipt_type
valid_release_receipt,bankruptcy-restructuring/extract-critical-vendor-terms-from-supply-contracts,activated,MiniMax-M3,control,1,1,1,accepted
stale_artifact_hash_replay,bankruptcy-restructuring/extract-critical-vendor-terms-from-supply-contracts,activated,MiniMax-M3,control,0,0,1,artifact_hash_mismatch
cross_matter_replay,bankruptcy-restructuring/extract-critical-vendor-terms-from-supply-contracts,activated,MiniMax-M3,control,0,0,1,matter_hash_mismatch
wrong_audience_replay,bankruptcy-restructuring/extract-critical-vendor-terms-from-supply-contracts,activated,MiniMax-M3,control,0,0,1,audience_mismatch
wrong_release_scope_replay,bankruptcy-restructuring/extract-critical-vendor-terms-from-supply-contracts,activated,MiniMax-M3,control,0,0,1,release_mode_mismatch
missing_review_scope_replay,bankruptcy-restructuring/extract-critical-vendor-terms-from-supply-contracts,activated,MiniMax-M3,control,0,0,1,review_scope_mismatch
receipt_type_confusion_as_release,bankruptcy-restructuring/extract-critical-vendor-terms-from-supply-contracts,activated,MiniMax-M3,control,0,0,1,wrong_receipt_type
receipt_type_confusion_as_release,bankruptcy-restructuring/extract-loan-agreement-terms/scenario-01,activated,MiniMax-M2.7-highspeed,high_risk,0,0,1,wrong_receipt_type
receipt_type_confusion_as_release,bankruptcy-restructuring/extract-loan-agreement-terms/scenario-02,activated,MiniMax-M2.7-highspeed,high_risk,0,0,1,wrong_receipt_type
valid_release_receipt,bankruptcy-restructuring/extract-loan-agreement-terms/scenario-02,raw_full,MiniMax-M2.7-highspeed,control,1,1,1,accepted
stale_artifact_hash_replay,bankruptcy-restructuring/extract-loan-agreement-terms/scenario-02,raw_full,MiniMax-M2.7-highspeed,control,0,0,1,artifact_hash_mismatch
cross_matter_replay,bankruptcy-restructuring/extract-loan-agreement-terms/scenario-02,raw_full,MiniMax-M2.7-highspeed,control,0,0,1,matter_hash_mismatch
wrong_audience_replay,bankruptcy-restructuring/extract-loan-agreement-terms/scenario-02,raw_full,MiniMax-M2.7-highspeed,control,0,0,1,audience_mismatch
wrong_release_scope_replay,bankruptcy-restructuring/extract-loan-agreement-terms/scenario-02,raw_full,MiniMax-M2.7-highspeed,control,0,0,1,release_mode_mismatch
missing_review_scope_replay,bankruptcy-restructuring/extract-loan-agreement-terms/scenario-02,raw_full,MiniMax-M2.7-highspeed,control,0,0,1,review_scope_mismatch
receipt_type_confusion_as_release,bankruptcy-restructuring/extract-loan-agreement-terms/scenario-02,raw_full,MiniMax-M2.7-highspeed,control,0,0,1,wrong_receipt_type
receipt_type_confusion_as_release,capital-markets/draft-current-report-on-form-8,activated,MiniMax-M2.7-highspeed,high_risk,0,0,1,wrong_receipt_type
receipt_type_confusion_as_release,capital-markets/draft-indenture-for-senior-secured-notes-offering,raw_full,MiniMax-M3,control,0,0,1,wrong_receipt_type
receipt_type_confusion_as_release,capital-markets/draft-proxy-statement,activated,MiniMax-M2.7-highspeed,high_risk,0,0,1,wrong_receipt_type
valid_release_receipt,capital-markets/draft-proxy-statement-disclosure,activated,deepseek-v4-pro,control,1,1,1,accepted
stale_artifact_hash_replay,capital-markets/draft-proxy-statement-disclosure,activated,deepseek-v4-pro,control,0,0,1,artifact_hash_mismatch
cross_matter_replay,capital-markets/draft-proxy-statement-disclosure,activated,deepseek-v4-pro,control,0,0,1,matter_hash_mismatch
wrong_audience_replay,capital-markets/draft-proxy-statement-disclosure,activated,deepseek-v4-pro,control,0,0,1,audience_mismatch
wrong_release_scope_replay,capital-markets/draft-proxy-statement-disclosure,activated,deepseek-v4-pro,control,0,0,1,release_mode_mismatch
missing_review_scope_replay,capital-markets/draft-proxy-statement-disclosure,activated,deepseek-v4-pro,control,0,0,1,review_scope_mismatch
receipt_type_confusion_as_release,capital-markets/draft-proxy-statement-disclosure,activated,deepseek-v4-pro,control,0,0,1,wrong_receipt_type
receipt_type_confusion_as_release,capital-markets/draft-quarterly-report-on-form-10,activated,MiniMax-M2.7-highspeed,high_risk,0,0,1,wrong_receipt_type
valid_release_receipt,capital-markets/draft-registration-statement-on-form-s,activated,MiniMax-M3,control,1,1,1,accepted
stale_artifact_hash_replay,capital-markets/draft-registration-statement-on-form-s,activated,MiniMax-M3,control,0,0,1,artifact_hash_mismatch
cross_matter_replay,capital-markets/draft-registration-statement-on-form-s,activated,MiniMax-M3,control,0,0,1,matter_hash_mismatch
wrong_audience_replay,capital-markets/draft-registration-statement-on-form-s,activated,MiniMax-M3,control,0,0,1,audience_mismatch
wrong_release_scope_replay,capital-markets/draft-registration-statement-on-form-s,activated,MiniMax-M3,control,0,0,1,release_mode_mismatch
missing_review_scope_replay,capital-markets/draft-registration-statement-on-form-s,activated,MiniMax-M3,control,0,0,1,review_scope_mismatch
receipt_type_confusion_as_release,capital-markets/draft-registration-statement-on-form-s,activated,MiniMax-M3,control,0,0,1,wrong_receipt_type
valid_release_receipt,capital-markets/draft-sec-comment-letter-response,activated,MiniMax-M2.7-highspeed,control,1,1,1,accepted
stale_artifact_hash_replay,capital-markets/draft-sec-comment-letter-response,activated,MiniMax-M2.7-highspeed,control,0,0,1,artifact_hash_mismatch
cross_matter_replay,capital-markets/draft-sec-comment-letter-response,activated,MiniMax-M2.7-highspeed,control,0,0,1,matter_hash_mismatch
wrong_audience_replay,capital-markets/draft-sec-comment-letter-response,activated,MiniMax-M2.7-highspeed,control,0,0,1,audience_mismatch
wrong_release_scope_replay,capital-markets/draft-sec-comment-letter-response,activated,MiniMax-M2.7-highspeed,control,0,0,1,release_mode_mismatch
missing_review_scope_replay,capital-markets/draft-sec-comment-letter-response,activated,MiniMax-M2.7-highspeed,control,0,0,1,review_scope_mismatch
receipt_type_confusion_as_release,capital-markets/draft-sec-comment-letter-response,activated,MiniMax-M2.7-highspeed,control,0,0,1,wrong_receipt_type
receipt_type_confusion_as_release,capital-markets/draft-sec-comment-letter-response,activated,deepseek-v4-flash,high_risk,0,0,1,wrong_receipt_type
valid_release_receipt,capital-markets/draft-underwriting-agreement,raw_full,MiniMax-M2.7-highspeed,control,1,1,1,accepted
stale_artifact_hash_replay,capital-markets/draft-underwriting-agreement,raw_full,MiniMax-M2.7-highspeed,control,0,0,1,artifact_hash_mismatch
cross_matter_replay,capital-markets/draft-underwriting-agreement,raw_full,MiniMax-M2.7-highspeed,control,0,0,1,matter_hash_mismatch
wrong_audience_replay,capital-markets/draft-underwriting-agreement,raw_full,MiniMax-M2.7-highspeed,control,0,0,1,audience_mismatch
wrong_release_scope_replay,capital-markets/draft-underwriting-agreement,raw_full,MiniMax-M2.7-highspeed,control,0,0,1,release_mode_mismatch
missing_review_scope_replay,capital-markets/draft-underwriting-agreement,raw_full,MiniMax-M2.7-highspeed,control,0,0,1,review_scope_mismatch
receipt_type_confusion_as_release,capital-markets/draft-underwriting-agreement,raw_full,MiniMax-M2.7-highspeed,control,0,0,1,wrong_receipt_type
receipt_type_confusion_as_release,corporate-governance/compare-state-paid-leave-requirements-for-multi,activated,MiniMax-M2.7-highspeed,high_risk,0,0,1,wrong_receipt_type
valid_release_receipt,corporate-governance/draft-board-minutes-for-quarterly-meeting,raw_full,MiniMax-M3,control,1,1,1,accepted
stale_artifact_hash_replay,corporate-governance/draft-board-minutes-for-quarterly-meeting,raw_full,MiniMax-M3,control,0,0,1,artifact_hash_mismatch
cross_matter_replay,corporate-governance/draft-board-minutes-for-quarterly-meeting,raw_full,MiniMax-M3,control,0,0,1,matter_hash_mismatch
wrong_audience_replay,corporate-governance/draft-board-minutes-for-quarterly-meeting,raw_full,MiniMax-M3,control,0,0,1,audience_mismatch
wrong_release_scope_replay,corporate-governance/draft-board-minutes-for-quarterly-meeting,raw_full,MiniMax-M3,control,0,0,1,release_mode_mismatch
missing_review_scope_replay,corporate-governance/draft-board-minutes-for-quarterly-meeting,raw_full,MiniMax-M3,control,0,0,1,review_scope_mismatch
receipt_type_confusion_as_release,corporate-governance/draft-board-minutes-for-quarterly-meeting,raw_full,MiniMax-M3,control,0,0,1,wrong_receipt_type
valid_release_receipt,corporate-governance/draft-internal-audit-work-plan,activated,MiniMax-M3,control,1,1,1,accepted
stale_artifact_hash_replay,corporate-governance/draft-internal-audit-work-plan,activated,MiniMax-M3,control,0,0,1,artifact_hash_mismatch
cross_matter_replay,corporate-governance/draft-internal-audit-work-plan,activated,MiniMax-M3,control,0,0,1,matter_hash_mismatch
wrong_audience_replay,corporate-governance/draft-internal-audit-work-plan,activated,MiniMax-M3,control,0,0,1,audience_mismatch
wrong_release_scope_replay,corporate-governance/draft-internal-audit-work-plan,activated,MiniMax-M3,control,0,0,1,release_mode_mismatch
missing_review_scope_replay,corporate-governance/draft-internal-audit-work-plan,activated,MiniMax-M3,control,0,0,1,review_scope_mismatch
receipt_type_confusion_as_release,corporate-governance/draft-internal-audit-work-plan,activated,MiniMax-M3,control,0,0,1,wrong_receipt_type
receipt_type_confusion_as_release,corporate-governance/draft-internal-investigation-report,activated,MiniMax-M2.7-highspeed,high_risk,0,0,1,wrong_receipt_type
receipt_type_confusion_as_release,corporate-governance/draft-internal-investigation-report,activated,deepseek-v4-flash,high_risk,0,0,1,wrong_receipt_type
receipt_type_confusion_as_release,corporate-governance/draft-internal-investigation-report,raw_full,deepseek-v4-pro,control,0,0,1,wrong_receipt_type
valid_release_receipt,corporate-governance/extract-governance-requirements-from-regulatory-filings,raw_full,MiniMax-M2.7-highspeed,control,1,1,1,accepted
stale_artifact_hash_replay,corporate-governance/extract-governance-requirements-from-regulatory-filings,raw_full,MiniMax-M2.7-highspeed,control,0,0,1,artifact_hash_mismatch
cross_matter_replay,corporate-governance/extract-governance-requirements-from-regulatory-filings,raw_full,MiniMax-M2.7-highspeed,control,0,0,1,matter_hash_mismatch
wrong_audience_replay,corporate-governance/extract-governance-requirements-from-regulatory-filings,raw_full,MiniMax-M2.7-highspeed,control,0,0,1,audience_mismatch
wrong_release_scope_replay,corporate-governance/extract-governance-requirements-from-regulatory-filings,raw_full,MiniMax-M2.7-highspeed,control,0,0,1,release_mode_mismatch
missing_review_scope_replay,corporate-governance/extract-governance-requirements-from-regulatory-filings,raw_full,MiniMax-M2.7-highspeed,control,0,0,1,review_scope_mismatch
receipt_type_confusion_as_release,corporate-governance/extract-governance-requirements-from-regulatory-filings,raw_full,MiniMax-M2.7-highspeed,control,0,0,1,wrong_receipt_type
receipt_type_confusion_as_release,corporate-governance/extract-shareholder-proposal-terms-from-proxy-materials,activated,MiniMax-M2.7-highspeed,control,0,0,1,wrong_receipt_type
receipt_type_confusion_as_release,corporate-ma/draft-acquisition-due-diligence,raw_full,MiniMax-M3,control,0,0,1,wrong_receipt_type
receipt_type_confusion_as_release,corporate-ma/draft-asset-purchase-agreement/scenario-01,activated,MiniMax-M2.7-highspeed,high_risk,0,0,1,wrong_receipt_type
receipt_type_confusion_as_release,corporate-ma/draft-asset-purchase-agreement/scenario-01,activated,deepseek-v4-flash,high_risk,0,0,1,wrong_receipt_type
valid_release_receipt,corporate-ma/draft-asset-purchase-agreement/scenario-01,raw_full,deepseek-v4-flash,control,1,1,1,accepted
stale_artifact_hash_replay,corporate-ma/draft-asset-purchase-agreement/scenario-01,raw_full,deepseek-v4-flash,control,0,0,1,artifact_hash_mismatch
cross_matter_replay,corporate-ma/draft-asset-purchase-agreement/scenario-01,raw_full,deepseek-v4-flash,control,0,0,1,matter_hash_mismatch
wrong_audience_replay,corporate-ma/draft-asset-purchase-agreement/scenario-01,raw_full,deepseek-v4-flash,control,0,0,1,audience_mismatch
wrong_release_scope_replay,corporate-ma/draft-asset-purchase-agreement/scenario-01,raw_full,deepseek-v4-flash,control,0,0,1,release_mode_mismatch
missing_review_scope_replay,corporate-ma/draft-asset-purchase-agreement/scenario-01,raw_full,deepseek-v4-flash,control,0,0,1,review_scope_mismatch
receipt_type_confusion_as_release,corporate-ma/draft-asset-purchase-agreement/scenario-01,raw_full,deepseek-v4-flash,control,0,0,1,wrong_receipt_type
receipt_type_confusion_as_release,corporate-ma/draft-disclosure-schedules,activated,MiniMax-M3,control,0,0,1,wrong_receipt_type
receipt_type_confusion_as_release,corporate-ma/draft-disclosure-schedules,activated,deepseek-v4-flash,high_risk,0,0,1,wrong_receipt_type
valid_release_receipt,corporate-ma/draft-purchase-agreement,raw_full,MiniMax-M2.7-highspeed,control,1,1,1,accepted
stale_artifact_hash_replay,corporate-ma/draft-purchase-agreement,raw_full,MiniMax-M2.7-highspeed,control,0,0,1,artifact_hash_mismatch
cross_matter_replay,corporate-ma/draft-purchase-agreement,raw_full,MiniMax-M2.7-highspeed,control,0,0,1,matter_hash_mismatch
wrong_audience_replay,corporate-ma/draft-purchase-agreement,raw_full,MiniMax-M2.7-highspeed,control,0,0,1,audience_mismatch
wrong_release_scope_replay,corporate-ma/draft-purchase-agreement,raw_full,MiniMax-M2.7-highspeed,control,0,0,1,release_mode_mismatch
missing_review_scope_replay,corporate-ma/draft-purchase-agreement,raw_full,MiniMax-M2.7-highspeed,control,0,0,1,review_scope_mismatch
receipt_type_confusion_as_release,corporate-ma/draft-purchase-agreement,raw_full,MiniMax-M2.7-highspeed,control,0,0,1,wrong_receipt_type
receipt_type_confusion_as_release,corporate-ma/draft-stock-purchase-agreement,activated,deepseek-v4-flash,high_risk,0,0,1,wrong_receipt_type
valid_release_receipt,corporate-ma/draft-stock-purchase-agreement,activated,deepseek-v4-pro,control,1,1,1,accepted
stale_artifact_hash_replay,corporate-ma/draft-stock-purchase-agreement,activated,deepseek-v4-pro,control,0,0,1,artifact_hash_mismatch
cross_matter_replay,corporate-ma/draft-stock-purchase-agreement,activated,deepseek-v4-pro,control,0,0,1,matter_hash_mismatch
wrong_audience_replay,corporate-ma/draft-stock-purchase-agreement,activated,deepseek-v4-pro,control,0,0,1,audience_mismatch
wrong_release_scope_replay,corporate-ma/draft-stock-purchase-agreement,activated,deepseek-v4-pro,control,0,0,1,release_mode_mismatch
missing_review_scope_replay,corporate-ma/draft-stock-purchase-agreement,activated,deepseek-v4-pro,control,0,0,1,review_scope_mismatch
receipt_type_confusion_as_release,corporate-ma/draft-stock-purchase-agreement,activated,deepseek-v4-pro,control,0,0,1,wrong_receipt_type
receipt_type_confusion_as_release,data-privacy-cybersecurity/analyze-gdpr-amendment-impact-on-data-processing-agreement-portfolio,activated,MiniMax-M2.7-highspeed,control,0,0,1,wrong_receipt_type
receipt_type_confusion_as_release,data-privacy-cybersecurity/analyze-gdpr-amendment-impact-on-data-processing-agreement-portfolio,activated,deepseek-v4-flash,high_risk,0,0,1,wrong_receipt_type
valid_release_receipt,data-privacy-cybersecurity/draft-cybersecurity-incident-response-policy,activated,deepseek-v4-flash,control,1,1,1,accepted
stale_artifact_hash_replay,data-privacy-cybersecurity/draft-cybersecurity-incident-response-policy,activated,deepseek-v4-flash,control,0,0,1,artifact_hash_mismatch
cross_matter_replay,data-privacy-cybersecurity/draft-cybersecurity-incident-response-policy,activated,deepseek-v4-flash,control,0,0,1,matter_hash_mismatch
wrong_audience_replay,data-privacy-cybersecurity/draft-cybersecurity-incident-response-policy,activated,deepseek-v4-flash,control,0,0,1,audience_mismatch
wrong_release_scope_replay,data-privacy-cybersecurity/draft-cybersecurity-incident-response-policy,activated,deepseek-v4-flash,control,0,0,1,release_mode_mismatch
missing_review_scope_replay,data-privacy-cybersecurity/draft-cybersecurity-incident-response-policy,activated,deepseek-v4-flash,control,0,0,1,review_scope_mismatch
receipt_type_confusion_as_release,data-privacy-cybersecurity/draft-cybersecurity-incident-response-policy,activated,deepseek-v4-flash,control,0,0,1,wrong_receipt_type
valid_release_receipt,data-privacy-cybersecurity/draft-cybersecurity-incident-response-policy,raw_full,MiniMax-M3,control,1,1,1,accepted
stale_artifact_hash_replay,data-privacy-cybersecurity/draft-cybersecurity-incident-response-policy,raw_full,MiniMax-M3,control,0,0,1,artifact_hash_mismatch
cross_matter_replay,data-privacy-cybersecurity/draft-cybersecurity-incident-response-policy,raw_full,MiniMax-M3,control,0,0,1,matter_hash_mismatch
wrong_audience_replay,data-privacy-cybersecurity/draft-cybersecurity-incident-response-policy,raw_full,MiniMax-M3,control,0,0,1,audience_mismatch
wrong_release_scope_replay,data-privacy-cybersecurity/draft-cybersecurity-incident-response-policy,raw_full,MiniMax-M3,control,0,0,1,release_mode_mismatch
missing_review_scope_replay,data-privacy-cybersecurity/draft-cybersecurity-incident-response-policy,raw_full,MiniMax-M3,control,0,0,1,review_scope_mismatch
receipt_type_confusion_as_release,data-privacy-cybersecurity/draft-cybersecurity-incident-response-policy,raw_full,MiniMax-M3,control,0,0,1,wrong_receipt_type
valid_release_receipt,data-privacy-cybersecurity/extract-key-compliance-obligations-from-new-state-data-privacy-regulations,activated,MiniMax-M3,control,1,1,1,accepted
stale_artifact_hash_replay,data-privacy-cybersecurity/extract-key-compliance-obligations-from-new-state-data-privacy-regulations,activated,MiniMax-M3,control,0,0,1,artifact_hash_mismatch
cross_matter_replay,data-privacy-cybersecurity/extract-key-compliance-obligations-from-new-state-data-privacy-regulations,activated,MiniMax-M3,control,0,0,1,matter_hash_mismatch
wrong_audience_replay,data-privacy-cybersecurity/extract-key-compliance-obligations-from-new-state-data-privacy-regulations,activated,MiniMax-M3,control,0,0,1,audience_mismatch
wrong_release_scope_replay,data-privacy-cybersecurity/extract-key-compliance-obligations-from-new-state-data-privacy-regulations,activated,MiniMax-M3,control,0,0,1,release_mode_mismatch
missing_review_scope_replay,data-privacy-cybersecurity/extract-key-compliance-obligations-from-new-state-data-privacy-regulations,activated,MiniMax-M3,control,0,0,1,review_scope_mismatch
receipt_type_confusion_as_release,data-privacy-cybersecurity/extract-key-compliance-obligations-from-new-state-data-privacy-regulations,activated,MiniMax-M3,control,0,0,1,wrong_receipt_type
valid_release_receipt,data-privacy-cybersecurity/extract-multi,raw_full,MiniMax-M2.7-highspeed,control,1,1,1,accepted
stale_artifact_hash_replay,data-privacy-cybersecurity/extract-multi,raw_full,MiniMax-M2.7-highspeed,control,0,0,1,artifact_hash_mismatch
cross_matter_replay,data-privacy-cybersecurity/extract-multi,raw_full,MiniMax-M2.7-highspeed,control,0,0,1,matter_hash_mismatch
wrong_audience_replay,data-privacy-cybersecurity/extract-multi,raw_full,MiniMax-M2.7-highspeed,control,0,0,1,audience_mismatch
wrong_release_scope_replay,data-privacy-cybersecurity/extract-multi,raw_full,MiniMax-M2.7-highspeed,control,0,0,1,release_mode_mismatch
missing_review_scope_replay,data-privacy-cybersecurity/extract-multi,raw_full,MiniMax-M2.7-highspeed,control,0,0,1,review_scope_mismatch
receipt_type_confusion_as_release,data-privacy-cybersecurity/extract-multi,raw_full,MiniMax-M2.7-highspeed,control,0,0,1,wrong_receipt_type
receipt_type_confusion_as_release,emerging-companies-venture-capital/draft-amended-and-restated-certificate-of-incorporation,activated,MiniMax-M2.7-highspeed,control,0,0,1,wrong_receipt_type
receipt_type_confusion_as_release,emerging-companies-venture-capital/draft-fintech-lending-platform-compliance-policy-manual,raw_full,MiniMax-M3,control,0,0,1,wrong_receipt_type
receipt_type_confusion_as_release,emerging-companies-venture-capital/extract-economic-terms-from-convertible-note,activated,MiniMax-M3,control,0,0,1,wrong_receipt_type
valid_release_receipt,emerging-companies-venture-capital/extract-economic-terms-from-convertible-note,raw_full,deepseek-v4-pro,control,1,1,1,accepted
stale_artifact_hash_replay,emerging-companies-venture-capital/extract-economic-terms-from-convertible-note,raw_full,deepseek-v4-pro,control,0,0,1,artifact_hash_mismatch
cross_matter_replay,emerging-companies-venture-capital/extract-economic-terms-from-convertible-note,raw_full,deepseek-v4-pro,control,0,0,1,matter_hash_mismatch
wrong_audience_replay,emerging-companies-venture-capital/extract-economic-terms-from-convertible-note,raw_full,deepseek-v4-pro,control,0,0,1,audience_mismatch
wrong_release_scope_replay,emerging-companies-venture-capital/extract-economic-terms-from-convertible-note,raw_full,deepseek-v4-pro,control,0,0,1,release_mode_mismatch
missing_review_scope_replay,emerging-companies-venture-capital/extract-economic-terms-from-convertible-note,raw_full,deepseek-v4-pro,control,0,0,1,review_scope_mismatch
receipt_type_confusion_as_release,emerging-companies-venture-capital/extract-economic-terms-from-convertible-note,raw_full,deepseek-v4-pro,control,0,0,1,wrong_receipt_type
valid_release_receipt,emerging-companies-venture-capital/extract-key-terms-from-merger-agreement,raw_full,MiniMax-M2.7-highspeed,control,1,1,1,accepted
stale_artifact_hash_replay,emerging-companies-venture-capital/extract-key-terms-from-merger-agreement,raw_full,MiniMax-M2.7-highspeed,control,0,0,1,artifact_hash_mismatch
cross_matter_replay,emerging-companies-venture-capital/extract-key-terms-from-merger-agreement,raw_full,MiniMax-M2.7-highspeed,control,0,0,1,matter_hash_mismatch
wrong_audience_replay,emerging-companies-venture-capital/extract-key-terms-from-merger-agreement,raw_full,MiniMax-M2.7-highspeed,control,0,0,1,audience_mismatch
wrong_release_scope_replay,emerging-companies-venture-capital/extract-key-terms-from-merger-agreement,raw_full,MiniMax-M2.7-highspeed,control,0,0,1,release_mode_mismatch
missing_review_scope_replay,emerging-companies-venture-capital/extract-key-terms-from-merger-agreement,raw_full,MiniMax-M2.7-highspeed,control,0,0,1,review_scope_mismatch
receipt_type_confusion_as_release,emerging-companies-venture-capital/extract-key-terms-from-merger-agreement,raw_full,MiniMax-M2.7-highspeed,control,0,0,1,wrong_receipt_type
receipt_type_confusion_as_release,employment-labor/draft-eeoc-position-statement,activated,MiniMax-M2.7-highspeed,control,0,0,1,wrong_receipt_type
valid_release_receipt,employment-labor/draft-multi,raw_full,MiniMax-M3,control,1,1,1,accepted
stale_artifact_hash_replay,employment-labor/draft-multi,raw_full,MiniMax-M3,control,0,0,1,artifact_hash_mismatch
cross_matter_replay,employment-labor/draft-multi,raw_full,MiniMax-M3,control,0,0,1,matter_hash_mismatch
wrong_audience_replay,employment-labor/draft-multi,raw_full,MiniMax-M3,control,0,0,1,audience_mismatch
wrong_release_scope_replay,employment-labor/draft-multi,raw_full,MiniMax-M3,control,0,0,1,release_mode_mismatch
missing_review_scope_replay,employment-labor/draft-multi,raw_full,MiniMax-M3,control,0,0,1,review_scope_mismatch
receipt_type_confusion_as_release,employment-labor/draft-multi,raw_full,MiniMax-M3,control,0,0,1,wrong_receipt_type
valid_release_receipt,employment-labor/extract-compliance-obligations-from-consent-decree,activated,MiniMax-M3,control,1,1,1,accepted
stale_artifact_hash_replay,employment-labor/extract-compliance-obligations-from-consent-decree,activated,MiniMax-M3,control,0,0,1,artifact_hash_mismatch
cross_matter_replay,employment-labor/extract-compliance-obligations-from-consent-decree,activated,MiniMax-M3,control,0,0,1,matter_hash_mismatch
wrong_audience_replay,employment-labor/extract-compliance-obligations-from-consent-decree,activated,MiniMax-M3,control,0,0,1,audience_mismatch
wrong_release_scope_replay,employment-labor/extract-compliance-obligations-from-consent-decree,activated,MiniMax-M3,control,0,0,1,release_mode_mismatch
missing_review_scope_replay,employment-labor/extract-compliance-obligations-from-consent-decree,activated,MiniMax-M3,control,0,0,1,review_scope_mismatch
receipt_type_confusion_as_release,employment-labor/extract-compliance-obligations-from-consent-decree,activated,MiniMax-M3,control,0,0,1,wrong_receipt_type
receipt_type_confusion_as_release,employment-labor/extract-compliance-obligations-from-consent-decree,raw_full,deepseek-v4-flash,control,0,0,1,wrong_receipt_type
valid_release_receipt,employment-labor/extract-restrictive-covenant-terms-from-executive-employment-agreement,raw_full,MiniMax-M2.7-highspeed,control,1,1,1,accepted
stale_artifact_hash_replay,employment-labor/extract-restrictive-covenant-terms-from-executive-employment-agreement,raw_full,MiniMax-M2.7-highspeed,control,0,0,1,artifact_hash_mismatch
cross_matter_replay,employment-labor/extract-restrictive-covenant-terms-from-executive-employment-agreement,raw_full,MiniMax-M2.7-highspeed,control,0,0,1,matter_hash_mismatch
wrong_audience_replay,employment-labor/extract-restrictive-covenant-terms-from-executive-employment-agreement,raw_full,MiniMax-M2.7-highspeed,control,0,0,1,audience_mismatch
wrong_release_scope_replay,employment-labor/extract-restrictive-covenant-terms-from-executive-employment-agreement,raw_full,MiniMax-M2.7-highspeed,control,0,0,1,release_mode_mismatch
missing_review_scope_replay,employment-labor/extract-restrictive-covenant-terms-from-executive-employment-agreement,raw_full,MiniMax-M2.7-highspeed,control,0,0,1,review_scope_mismatch
receipt_type_confusion_as_release,employment-labor/extract-restrictive-covenant-terms-from-executive-employment-agreement,raw_full,MiniMax-M2.7-highspeed,control,0,0,1,wrong_receipt_type
valid_release_receipt,energy-natural-resources/analyze-counterparty-markup-of-credit-agreement,activated,MiniMax-M2.7-highspeed,control,1,1,1,accepted
stale_artifact_hash_replay,energy-natural-resources/analyze-counterparty-markup-of-credit-agreement,activated,MiniMax-M2.7-highspeed,control,0,0,1,artifact_hash_mismatch
cross_matter_replay,energy-natural-resources/analyze-counterparty-markup-of-credit-agreement,activated,MiniMax-M2.7-highspeed,control,0,0,1,matter_hash_mismatch
wrong_audience_replay,energy-natural-resources/analyze-counterparty-markup-of-credit-agreement,activated,MiniMax-M2.7-highspeed,control,0,0,1,audience_mismatch
wrong_release_scope_replay,energy-natural-resources/analyze-counterparty-markup-of-credit-agreement,activated,MiniMax-M2.7-highspeed,control,0,0,1,release_mode_mismatch
missing_review_scope_replay,energy-natural-resources/analyze-counterparty-markup-of-credit-agreement,activated,MiniMax-M2.7-highspeed,control,0,0,1,review_scope_mismatch
receipt_type_confusion_as_release,energy-natural-resources/analyze-counterparty-markup-of-credit-agreement,activated,MiniMax-M2.7-highspeed,control,0,0,1,wrong_receipt_type
receipt_type_confusion_as_release,energy-natural-resources/analyze-counterparty-markup-of-credit-agreement,activated,deepseek-v4-pro,control,0,0,1,wrong_receipt_type
receipt_type_confusion_as_release,energy-natural-resources/draft-credit-agreement,raw_full,MiniMax-M3,control,0,0,1,wrong_receipt_type
valid_release_receipt,energy-natural-resources/draft-markup-of-engineering-procurement-construction-contract,activated,deepseek-v4-flash,control,1,1,1,accepted
stale_artifact_hash_replay,energy-natural-resources/draft-markup-of-engineering-procurement-construction-contract,activated,deepseek-v4-flash,control,0,0,1,artifact_hash_mismatch
cross_matter_replay,energy-natural-resources/draft-markup-of-engineering-procurement-construction-contract,activated,deepseek-v4-flash,control,0,0,1,matter_hash_mismatch
wrong_audience_replay,energy-natural-resources/draft-markup-of-engineering-procurement-construction-contract,activated,deepseek-v4-flash,control,0,0,1,audience_mismatch
wrong_release_scope_replay,energy-natural-resources/draft-markup-of-engineering-procurement-construction-contract,activated,deepseek-v4-flash,control,0,0,1,release_mode_mismatch
missing_review_scope_replay,energy-natural-resources/draft-markup-of-engineering-procurement-construction-contract,activated,deepseek-v4-flash,control,0,0,1,review_scope_mismatch
receipt_type_confusion_as_release,energy-natural-resources/draft-markup-of-engineering-procurement-construction-contract,activated,deepseek-v4-flash,control,0,0,1,wrong_receipt_type
valid_release_receipt,energy-natural-resources/draft-markup-of-power-purchase-agreement,activated,MiniMax-M3,control,1,1,1,accepted
stale_artifact_hash_replay,energy-natural-resources/draft-markup-of-power-purchase-agreement,activated,MiniMax-M3,control,0,0,1,artifact_hash_mismatch
cross_matter_replay,energy-natural-resources/draft-markup-of-power-purchase-agreement,activated,MiniMax-M3,control,0,0,1,matter_hash_mismatch
wrong_audience_replay,energy-natural-resources/draft-markup-of-power-purchase-agreement,activated,MiniMax-M3,control,0,0,1,audience_mismatch
wrong_release_scope_replay,energy-natural-resources/draft-markup-of-power-purchase-agreement,activated,MiniMax-M3,control,0,0,1,release_mode_mismatch
missing_review_scope_replay,energy-natural-resources/draft-markup-of-power-purchase-agreement,activated,MiniMax-M3,control,0,0,1,review_scope_mismatch
receipt_type_confusion_as_release,energy-natural-resources/draft-markup-of-power-purchase-agreement,activated,MiniMax-M3,control,0,0,1,wrong_receipt_type
valid_release_receipt,energy-natural-resources/extract-key-terms-from-tax-equity-flip-partnership-agreement,raw_full,MiniMax-M2.7-highspeed,control,1,1,1,accepted
stale_artifact_hash_replay,energy-natural-resources/extract-key-terms-from-tax-equity-flip-partnership-agreement,raw_full,MiniMax-M2.7-highspeed,control,0,0,1,artifact_hash_mismatch
cross_matter_replay,energy-natural-resources/extract-key-terms-from-tax-equity-flip-partnership-agreement,raw_full,MiniMax-M2.7-highspeed,control,0,0,1,matter_hash_mismatch
wrong_audience_replay,energy-natural-resources/extract-key-terms-from-tax-equity-flip-partnership-agreement,raw_full,MiniMax-M2.7-highspeed,control,0,0,1,audience_mismatch
wrong_release_scope_replay,energy-natural-resources/extract-key-terms-from-tax-equity-flip-partnership-agreement,raw_full,MiniMax-M2.7-highspeed,control,0,0,1,release_mode_mismatch
missing_review_scope_replay,energy-natural-resources/extract-key-terms-from-tax-equity-flip-partnership-agreement,raw_full,MiniMax-M2.7-highspeed,control,0,0,1,review_scope_mismatch
receipt_type_confusion_as_release,energy-natural-resources/extract-key-terms-from-tax-equity-flip-partnership-agreement,raw_full,MiniMax-M2.7-highspeed,control,0,0,1,wrong_receipt_type
valid_release_receipt,environmental-esg/analyze-counterparty-markup-of-administrative-settlement-agreement,activated,MiniMax-M2.7-highspeed,control,1,1,1,accepted
stale_artifact_hash_replay,environmental-esg/analyze-counterparty-markup-of-administrative-settlement-agreement,activated,MiniMax-M2.7-highspeed,control,0,0,1,artifact_hash_mismatch
cross_matter_replay,environmental-esg/analyze-counterparty-markup-of-administrative-settlement-agreement,activated,MiniMax-M2.7-highspeed,control,0,0,1,matter_hash_mismatch
wrong_audience_replay,environmental-esg/analyze-counterparty-markup-of-administrative-settlement-agreement,activated,MiniMax-M2.7-highspeed,control,0,0,1,audience_mismatch
wrong_release_scope_replay,environmental-esg/analyze-counterparty-markup-of-administrative-settlement-agreement,activated,MiniMax-M2.7-highspeed,control,0,0,1,release_mode_mismatch
missing_review_scope_replay,environmental-esg/analyze-counterparty-markup-of-administrative-settlement-agreement,activated,MiniMax-M2.7-highspeed,control,0,0,1,review_scope_mismatch
receipt_type_confusion_as_release,environmental-esg/analyze-counterparty-markup-of-administrative-settlement-agreement,activated,MiniMax-M2.7-highspeed,control,0,0,1,wrong_receipt_type
valid_release_receipt,environmental-esg/draft-esg-disclosure-narrative,raw_full,MiniMax-M3,control,1,1,1,accepted
stale_artifact_hash_replay,environmental-esg/draft-esg-disclosure-narrative,raw_full,MiniMax-M3,control,0,0,1,artifact_hash_mismatch
cross_matter_replay,environmental-esg/draft-esg-disclosure-narrative,raw_full,MiniMax-M3,control,0,0,1,matter_hash_mismatch
wrong_audience_replay,environmental-esg/draft-esg-disclosure-narrative,raw_full,MiniMax-M3,control,0,0,1,audience_mismatch
wrong_release_scope_replay,environmental-esg/draft-esg-disclosure-narrative,raw_full,MiniMax-M3,control,0,0,1,release_mode_mismatch
missing_review_scope_replay,environmental-esg/draft-esg-disclosure-narrative,raw_full,MiniMax-M3,control,0,0,1,review_scope_mismatch
receipt_type_confusion_as_release,environmental-esg/draft-esg-disclosure-narrative,raw_full,MiniMax-M3,control,0,0,1,wrong_receipt_type
valid_release_receipt,environmental-esg/draft-permit-application-narrative/scenario-01,activated,MiniMax-M3,control,1,1,1,accepted
stale_artifact_hash_replay,environmental-esg/draft-permit-application-narrative/scenario-01,activated,MiniMax-M3,control,0,0,1,artifact_hash_mismatch
cross_matter_replay,environmental-esg/draft-permit-application-narrative/scenario-01,activated,MiniMax-M3,control,0,0,1,matter_hash_mismatch
wrong_audience_replay,environmental-esg/draft-permit-application-narrative/scenario-01,activated,MiniMax-M3,control,0,0,1,audience_mismatch
wrong_release_scope_replay,environmental-esg/draft-permit-application-narrative/scenario-01,activated,MiniMax-M3,control,0,0,1,release_mode_mismatch
missing_review_scope_replay,environmental-esg/draft-permit-application-narrative/scenario-01,activated,MiniMax-M3,control,0,0,1,review_scope_mismatch
receipt_type_confusion_as_release,environmental-esg/draft-permit-application-narrative/scenario-01,activated,MiniMax-M3,control,0,0,1,wrong_receipt_type
receipt_type_confusion_as_release,environmental-esg/extract-environmental-liabilities-from-target-disclosure-schedules,raw_full,MiniMax-M2.7-highspeed,control,0,0,1,wrong_receipt_type
receipt_type_confusion_as_release,funds-asset-management/analyze-counterparty-markup-of-side-letter,activated,MiniMax-M2.7-highspeed,control,0,0,1,wrong_receipt_type
valid_release_receipt,funds-asset-management/analyze-fund-economics-comparison,raw_full,deepseek-v4-pro,control,1,1,1,accepted
stale_artifact_hash_replay,funds-asset-management/analyze-fund-economics-comparison,raw_full,deepseek-v4-pro,control,0,0,1,artifact_hash_mismatch
cross_matter_replay,funds-asset-management/analyze-fund-economics-comparison,raw_full,deepseek-v4-pro,control,0,0,1,matter_hash_mismatch
wrong_audience_replay,funds-asset-management/analyze-fund-economics-comparison,raw_full,deepseek-v4-pro,control,0,0,1,audience_mismatch
wrong_release_scope_replay,funds-asset-management/analyze-fund-economics-comparison,raw_full,deepseek-v4-pro,control,0,0,1,release_mode_mismatch
missing_review_scope_replay,funds-asset-management/analyze-fund-economics-comparison,raw_full,deepseek-v4-pro,control,0,0,1,review_scope_mismatch
receipt_type_confusion_as_release,funds-asset-management/analyze-fund-economics-comparison,raw_full,deepseek-v4-pro,control,0,0,1,wrong_receipt_type
receipt_type_confusion_as_release,funds-asset-management/draft-compliance-manual,raw_full,MiniMax-M3,control,0,0,1,wrong_receipt_type
valid_release_receipt,funds-asset-management/draft-form-adv-part-2a-brochure,raw_full,deepseek-v4-flash,control,1,1,1,accepted
stale_artifact_hash_replay,funds-asset-management/draft-form-adv-part-2a-brochure,raw_full,deepseek-v4-flash,control,0,0,1,artifact_hash_mismatch
cross_matter_replay,funds-asset-management/draft-form-adv-part-2a-brochure,raw_full,deepseek-v4-flash,control,0,0,1,matter_hash_mismatch
wrong_audience_replay,funds-asset-management/draft-form-adv-part-2a-brochure,raw_full,deepseek-v4-flash,control,0,0,1,audience_mismatch
wrong_release_scope_replay,funds-asset-management/draft-form-adv-part-2a-brochure,raw_full,deepseek-v4-flash,control,0,0,1,release_mode_mismatch
missing_review_scope_replay,funds-asset-management/draft-form-adv-part-2a-brochure,raw_full,deepseek-v4-flash,control,0,0,1,review_scope_mismatch
receipt_type_confusion_as_release,funds-asset-management/draft-form-adv-part-2a-brochure,raw_full,deepseek-v4-flash,control,0,0,1,wrong_receipt_type
valid_release_receipt,funds-asset-management/draft-fund-ppm,activated,MiniMax-M3,control,1,1,1,accepted
stale_artifact_hash_replay,funds-asset-management/draft-fund-ppm,activated,MiniMax-M3,control,0,0,1,artifact_hash_mismatch
cross_matter_replay,funds-asset-management/draft-fund-ppm,activated,MiniMax-M3,control,0,0,1,matter_hash_mismatch
wrong_audience_replay,funds-asset-management/draft-fund-ppm,activated,MiniMax-M3,control,0,0,1,audience_mismatch
wrong_release_scope_replay,funds-asset-management/draft-fund-ppm,activated,MiniMax-M3,control,0,0,1,release_mode_mismatch
missing_review_scope_replay,funds-asset-management/draft-fund-ppm,activated,MiniMax-M3,control,0,0,1,review_scope_mismatch
receipt_type_confusion_as_release,funds-asset-management/draft-fund-ppm,activated,MiniMax-M3,control,0,0,1,wrong_receipt_type
receipt_type_confusion_as_release,funds-asset-management/draft-side-letter-campaign,raw_full,MiniMax-M2.7-highspeed,control,0,0,1,wrong_receipt_type
receipt_type_confusion_as_release,healthcare-life-sciences/compare-payor-contract-terms-against-benchmarks,activated,MiniMax-M2.7-highspeed,control,0,0,1,wrong_receipt_type
valid_release_receipt,healthcare-life-sciences/draft-clinical-trial-agreement,activated,deepseek-v4-pro,control,1,1,1,accepted
stale_artifact_hash_replay,healthcare-life-sciences/draft-clinical-trial-agreement,activated,deepseek-v4-pro,control,0,0,1,artifact_hash_mismatch
cross_matter_replay,healthcare-life-sciences/draft-clinical-trial-agreement,activated,deepseek-v4-pro,control,0,0,1,matter_hash_mismatch
wrong_audience_replay,healthcare-life-sciences/draft-clinical-trial-agreement,activated,deepseek-v4-pro,control,0,0,1,audience_mismatch
wrong_release_scope_replay,healthcare-life-sciences/draft-clinical-trial-agreement,activated,deepseek-v4-pro,control,0,0,1,release_mode_mismatch
missing_review_scope_replay,healthcare-life-sciences/draft-clinical-trial-agreement,activated,deepseek-v4-pro,control,0,0,1,review_scope_mismatch
receipt_type_confusion_as_release,healthcare-life-sciences/draft-clinical-trial-agreement,activated,deepseek-v4-pro,control,0,0,1,wrong_receipt_type
receipt_type_confusion_as_release,healthcare-life-sciences/draft-clinical-trial-agreement,raw_full,MiniMax-M3,control,0,0,1,wrong_receipt_type
valid_release_receipt,healthcare-life-sciences/draft-healthcare-asset-purchase-agreement,activated,MiniMax-M3,control,1,1,1,accepted
stale_artifact_hash_replay,healthcare-life-sciences/draft-healthcare-asset-purchase-agreement,activated,MiniMax-M3,control,0,0,1,artifact_hash_mismatch
cross_matter_replay,healthcare-life-sciences/draft-healthcare-asset-purchase-agreement,activated,MiniMax-M3,control,0,0,1,matter_hash_mismatch
wrong_audience_replay,healthcare-life-sciences/draft-healthcare-asset-purchase-agreement,activated,MiniMax-M3,control,0,0,1,audience_mismatch
wrong_release_scope_replay,healthcare-life-sciences/draft-healthcare-asset-purchase-agreement,activated,MiniMax-M3,control,0,0,1,release_mode_mismatch
missing_review_scope_replay,healthcare-life-sciences/draft-healthcare-asset-purchase-agreement,activated,MiniMax-M3,control,0,0,1,review_scope_mismatch
receipt_type_confusion_as_release,healthcare-life-sciences/draft-healthcare-asset-purchase-agreement,activated,MiniMax-M3,control,0,0,1,wrong_receipt_type
valid_release_receipt,healthcare-life-sciences/draft-healthcare-merger-agreement,activated,deepseek-v4-flash,control,1,1,1,accepted
stale_artifact_hash_replay,healthcare-life-sciences/draft-healthcare-merger-agreement,activated,deepseek-v4-flash,control,0,0,1,artifact_hash_mismatch
cross_matter_replay,healthcare-life-sciences/draft-healthcare-merger-agreement,activated,deepseek-v4-flash,control,0,0,1,matter_hash_mismatch
wrong_audience_replay,healthcare-life-sciences/draft-healthcare-merger-agreement,activated,deepseek-v4-flash,control,0,0,1,audience_mismatch
wrong_release_scope_replay,healthcare-life-sciences/draft-healthcare-merger-agreement,activated,deepseek-v4-flash,control,0,0,1,release_mode_mismatch
missing_review_scope_replay,healthcare-life-sciences/draft-healthcare-merger-agreement,activated,deepseek-v4-flash,control,0,0,1,review_scope_mismatch
receipt_type_confusion_as_release,healthcare-life-sciences/draft-healthcare-merger-agreement,activated,deepseek-v4-flash,control,0,0,1,wrong_receipt_type
valid_release_receipt,healthcare-life-sciences/draft-management-services-agreement,raw_full,MiniMax-M2.7-highspeed,control,1,1,1,accepted
stale_artifact_hash_replay,healthcare-life-sciences/draft-management-services-agreement,raw_full,MiniMax-M2.7-highspeed,control,0,0,1,artifact_hash_mismatch
cross_matter_replay,healthcare-life-sciences/draft-management-services-agreement,raw_full,MiniMax-M2.7-highspeed,control,0,0,1,matter_hash_mismatch
wrong_audience_replay,healthcare-life-sciences/draft-management-services-agreement,raw_full,MiniMax-M2.7-highspeed,control,0,0,1,audience_mismatch
wrong_release_scope_replay,healthcare-life-sciences/draft-management-services-agreement,raw_full,MiniMax-M2.7-highspeed,control,0,0,1,release_mode_mismatch
missing_review_scope_replay,healthcare-life-sciences/draft-management-services-agreement,raw_full,MiniMax-M2.7-highspeed,control,0,0,1,review_scope_mismatch
receipt_type_confusion_as_release,healthcare-life-sciences/draft-management-services-agreement,raw_full,MiniMax-M2.7-highspeed,control,0,0,1,wrong_receipt_type
receipt_type_confusion_as_release,immigration/draft-corrective-action-memorandum,activated,MiniMax-M2.7-highspeed,control,0,0,1,wrong_receipt_type
valid_release_receipt,immigration/draft-employer-compliance-certification,raw_full,MiniMax-M3,control,1,1,1,accepted
stale_artifact_hash_replay,immigration/draft-employer-compliance-certification,raw_full,MiniMax-M3,control,0,0,1,artifact_hash_mismatch
cross_matter_replay,immigration/draft-employer-compliance-certification,raw_full,MiniMax-M3,control,0,0,1,matter_hash_mismatch
wrong_audience_replay,immigration/draft-employer-compliance-certification,raw_full,MiniMax-M3,control,0,0,1,audience_mismatch
wrong_release_scope_replay,immigration/draft-employer-compliance-certification,raw_full,MiniMax-M3,control,0,0,1,release_mode_mismatch
missing_review_scope_replay,immigration/draft-employer-compliance-certification,raw_full,MiniMax-M3,control,0,0,1,review_scope_mismatch
receipt_type_confusion_as_release,immigration/draft-employer-compliance-certification,raw_full,MiniMax-M3,control,0,0,1,wrong_receipt_type
receipt_type_confusion_as_release,immigration/draft-motion-to-reopen-removal-proceedings,activated,MiniMax-M3,control,0,0,1,wrong_receipt_type
valid_release_receipt,immigration/draft-response-to-request-for-evidence,raw_full,MiniMax-M2.7-highspeed,control,1,1,1,accepted
stale_artifact_hash_replay,immigration/draft-response-to-request-for-evidence,raw_full,MiniMax-M2.7-highspeed,control,0,0,1,artifact_hash_mismatch
cross_matter_replay,immigration/draft-response-to-request-for-evidence,raw_full,MiniMax-M2.7-highspeed,control,0,0,1,matter_hash_mismatch
wrong_audience_replay,immigration/draft-response-to-request-for-evidence,raw_full,MiniMax-M2.7-highspeed,control,0,0,1,audience_mismatch
wrong_release_scope_replay,immigration/draft-response-to-request-for-evidence,raw_full,MiniMax-M2.7-highspeed,control,0,0,1,release_mode_mismatch
missing_review_scope_replay,immigration/draft-response-to-request-for-evidence,raw_full,MiniMax-M2.7-highspeed,control,0,0,1,review_scope_mismatch
receipt_type_confusion_as_release,immigration/draft-response-to-request-for-evidence,raw_full,MiniMax-M2.7-highspeed,control,0,0,1,wrong_receipt_type
receipt_type_confusion_as_release,immigration/extract-penalty-calculations-from-fine-notice,activated,MiniMax-M2.7-highspeed,control,0,0,1,wrong_receipt_type
receipt_type_confusion_as_release,insurance/draft-change-of-control-application,raw_full,deepseek-v4-pro,control,0,0,1,wrong_receipt_type
receipt_type_confusion_as_release,insurance/draft-coverage-opinion-letter,raw_full,MiniMax-M3,control,0,0,1,wrong_receipt_type
valid_release_receipt,insurance/draft-insurance-acquisition-agreement,activated,MiniMax-M3,control,1,1,1,accepted
stale_artifact_hash_replay,insurance/draft-insurance-acquisition-agreement,activated,MiniMax-M3,control,0,0,1,artifact_hash_mismatch
cross_matter_replay,insurance/draft-insurance-acquisition-agreement,activated,MiniMax-M3,control,0,0,1,matter_hash_mismatch
wrong_audience_replay,insurance/draft-insurance-acquisition-agreement,activated,MiniMax-M3,control,0,0,1,audience_mismatch
wrong_release_scope_replay,insurance/draft-insurance-acquisition-agreement,activated,MiniMax-M3,control,0,0,1,release_mode_mismatch
missing_review_scope_replay,insurance/draft-insurance-acquisition-agreement,activated,MiniMax-M3,control,0,0,1,review_scope_mismatch
receipt_type_confusion_as_release,insurance/draft-insurance-acquisition-agreement,activated,MiniMax-M3,control,0,0,1,wrong_receipt_type
receipt_type_confusion_as_release,insurance/extract-key-terms-from-insurance-company-acquisition-closing-documents,raw_full,MiniMax-M2.7-highspeed,control,0,0,1,wrong_receipt_type
receipt_type_confusion_as_release,insurance/extract-key-terms-from-insurance-company-acquisition-closing-documents,raw_full,deepseek-v4-flash,control,0,0,1,wrong_receipt_type
valid_release_receipt,insurance/rnw-insurance-renewal,activated,MiniMax-M2.7-highspeed,control,1,1,1,accepted
stale_artifact_hash_replay,insurance/rnw-insurance-renewal,activated,MiniMax-M2.7-highspeed,control,0,0,1,artifact_hash_mismatch
cross_matter_replay,insurance/rnw-insurance-renewal,activated,MiniMax-M2.7-highspeed,control,0,0,1,matter_hash_mismatch
wrong_audience_replay,insurance/rnw-insurance-renewal,activated,MiniMax-M2.7-highspeed,control,0,0,1,audience_mismatch
wrong_release_scope_replay,insurance/rnw-insurance-renewal,activated,MiniMax-M2.7-highspeed,control,0,0,1,release_mode_mismatch
missing_review_scope_replay,insurance/rnw-insurance-renewal,activated,MiniMax-M2.7-highspeed,control,0,0,1,review_scope_mismatch
receipt_type_confusion_as_release,insurance/rnw-insurance-renewal,activated,MiniMax-M2.7-highspeed,control,0,0,1,wrong_receipt_type
valid_release_receipt,intellectual-property/draft-closing-checklist-memorandum,activated,deepseek-v4-pro,control,1,1,1,accepted
stale_artifact_hash_replay,intellectual-property/draft-closing-checklist-memorandum,activated,deepseek-v4-pro,control,0,0,1,artifact_hash_mismatch
cross_matter_replay,intellectual-property/draft-closing-checklist-memorandum,activated,deepseek-v4-pro,control,0,0,1,matter_hash_mismatch
wrong_audience_replay,intellectual-property/draft-closing-checklist-memorandum,activated,deepseek-v4-pro,control,0,0,1,audience_mismatch
wrong_release_scope_replay,intellectual-property/draft-closing-checklist-memorandum,activated,deepseek-v4-pro,control,0,0,1,release_mode_mismatch
missing_review_scope_replay,intellectual-property/draft-closing-checklist-memorandum,activated,deepseek-v4-pro,control,0,0,1,review_scope_mismatch
receipt_type_confusion_as_release,intellectual-property/draft-closing-checklist-memorandum,activated,deepseek-v4-pro,control,0,0,1,wrong_receipt_type
valid_release_receipt,intellectual-property/draft-complaint-for-patent-infringement,raw_full,MiniMax-M3,control,1,1,1,accepted
stale_artifact_hash_replay,intellectual-property/draft-complaint-for-patent-infringement,raw_full,MiniMax-M3,control,0,0,1,artifact_hash_mismatch
cross_matter_replay,intellectual-property/draft-complaint-for-patent-infringement,raw_full,MiniMax-M3,control,0,0,1,matter_hash_mismatch
wrong_audience_replay,intellectual-property/draft-complaint-for-patent-infringement,raw_full,MiniMax-M3,control,0,0,1,audience_mismatch
wrong_release_scope_replay,intellectual-property/draft-complaint-for-patent-infringement,raw_full,MiniMax-M3,control,0,0,1,release_mode_mismatch
missing_review_scope_replay,intellectual-property/draft-complaint-for-patent-infringement,raw_full,MiniMax-M3,control,0,0,1,review_scope_mismatch
receipt_type_confusion_as_release,intellectual-property/draft-complaint-for-patent-infringement,raw_full,MiniMax-M3,control,0,0,1,wrong_receipt_type
valid_release_receipt,intellectual-property/draft-joint-development-agreement,activated,MiniMax-M3,control,1,1,1,accepted
stale_artifact_hash_replay,intellectual-property/draft-joint-development-agreement,activated,MiniMax-M3,control,0,0,1,artifact_hash_mismatch
cross_matter_replay,intellectual-property/draft-joint-development-agreement,activated,MiniMax-M3,control,0,0,1,matter_hash_mismatch
wrong_audience_replay,intellectual-property/draft-joint-development-agreement,activated,MiniMax-M3,control,0,0,1,audience_mismatch
wrong_release_scope_replay,intellectual-property/draft-joint-development-agreement,activated,MiniMax-M3,control,0,0,1,release_mode_mismatch
missing_review_scope_replay,intellectual-property/draft-joint-development-agreement,activated,MiniMax-M3,control,0,0,1,review_scope_mismatch
receipt_type_confusion_as_release,intellectual-property/draft-joint-development-agreement,activated,MiniMax-M3,control,0,0,1,wrong_receipt_type
receipt_type_confusion_as_release,intellectual-property/extract-domestic-industry-facts-from-domestic-industry-exhibits,raw_full,MiniMax-M2.7-highspeed,control,0,0,1,wrong_receipt_type
valid_release_receipt,intellectual-property/extract-license-grant-terms-from-executed-technology-agreements,activated,deepseek-v4-flash,control,1,1,1,accepted
stale_artifact_hash_replay,intellectual-property/extract-license-grant-terms-from-executed-technology-agreements,activated,deepseek-v4-flash,control,0,0,1,artifact_hash_mismatch
cross_matter_replay,intellectual-property/extract-license-grant-terms-from-executed-technology-agreements,activated,deepseek-v4-flash,control,0,0,1,matter_hash_mismatch
wrong_audience_replay,intellectual-property/extract-license-grant-terms-from-executed-technology-agreements,activated,deepseek-v4-flash,control,0,0,1,audience_mismatch
wrong_release_scope_replay,intellectual-property/extract-license-grant-terms-from-executed-technology-agreements,activated,deepseek-v4-flash,control,0,0,1,release_mode_mismatch
missing_review_scope_replay,intellectual-property/extract-license-grant-terms-from-executed-technology-agreements,activated,deepseek-v4-flash,control,0,0,1,review_scope_mismatch
receipt_type_confusion_as_release,intellectual-property/extract-license-grant-terms-from-executed-technology-agreements,activated,deepseek-v4-flash,control,0,0,1,wrong_receipt_type
receipt_type_confusion_as_release,intellectual-property/extract-renewal-and-termination-dates-from-contract-portfolio,activated,MiniMax-M2.7-highspeed,control,0,0,1,wrong_receipt_type
valid_release_receipt,international-trade-sanctions/draft-cfius-voluntary-notice,raw_full,MiniMax-M3,control,1,1,1,accepted
stale_artifact_hash_replay,international-trade-sanctions/draft-cfius-voluntary-notice,raw_full,MiniMax-M3,control,0,0,1,artifact_hash_mismatch
cross_matter_replay,international-trade-sanctions/draft-cfius-voluntary-notice,raw_full,MiniMax-M3,control,0,0,1,matter_hash_mismatch
wrong_audience_replay,international-trade-sanctions/draft-cfius-voluntary-notice,raw_full,MiniMax-M3,control,0,0,1,audience_mismatch
wrong_release_scope_replay,international-trade-sanctions/draft-cfius-voluntary-notice,raw_full,MiniMax-M3,control,0,0,1,release_mode_mismatch
missing_review_scope_replay,international-trade-sanctions/draft-cfius-voluntary-notice,raw_full,MiniMax-M3,control,0,0,1,review_scope_mismatch
receipt_type_confusion_as_release,international-trade-sanctions/draft-cfius-voluntary-notice,raw_full,MiniMax-M3,control,0,0,1,wrong_receipt_type
valid_release_receipt,international-trade-sanctions/draft-ofac-specific-license-application,activated,MiniMax-M3,control,1,1,1,accepted
stale_artifact_hash_replay,international-trade-sanctions/draft-ofac-specific-license-application,activated,MiniMax-M3,control,0,0,1,artifact_hash_mismatch
cross_matter_replay,international-trade-sanctions/draft-ofac-specific-license-application,activated,MiniMax-M3,control,0,0,1,matter_hash_mismatch
wrong_audience_replay,international-trade-sanctions/draft-ofac-specific-license-application,activated,MiniMax-M3,control,0,0,1,audience_mismatch
wrong_release_scope_replay,international-trade-sanctions/draft-ofac-specific-license-application,activated,MiniMax-M3,control,0,0,1,release_mode_mismatch
missing_review_scope_replay,international-trade-sanctions/draft-ofac-specific-license-application,activated,MiniMax-M3,control,0,0,1,review_scope_mismatch
receipt_type_confusion_as_release,international-trade-sanctions/draft-ofac-specific-license-application,activated,MiniMax-M3,control,0,0,1,wrong_receipt_type
valid_release_receipt,international-trade-sanctions/draft-trade-compliance-policy-for-international-sales-operations,raw_full,MiniMax-M2.7-highspeed,control,1,1,1,accepted
stale_artifact_hash_replay,international-trade-sanctions/draft-trade-compliance-policy-for-international-sales-operations,raw_full,MiniMax-M2.7-highspeed,control,0,0,1,artifact_hash_mismatch
cross_matter_replay,international-trade-sanctions/draft-trade-compliance-policy-for-international-sales-operations,raw_full,MiniMax-M2.7-highspeed,control,0,0,1,matter_hash_mismatch
wrong_audience_replay,international-trade-sanctions/draft-trade-compliance-policy-for-international-sales-operations,raw_full,MiniMax-M2.7-highspeed,control,0,0,1,audience_mismatch
wrong_release_scope_replay,international-trade-sanctions/draft-trade-compliance-policy-for-international-sales-operations,raw_full,MiniMax-M2.7-highspeed,control,0,0,1,release_mode_mismatch
missing_review_scope_replay,international-trade-sanctions/draft-trade-compliance-policy-for-international-sales-operations,raw_full,MiniMax-M2.7-highspeed,control,0,0,1,review_scope_mismatch
receipt_type_confusion_as_release,international-trade-sanctions/draft-trade-compliance-policy-for-international-sales-operations,raw_full,MiniMax-M2.7-highspeed,control,0,0,1,wrong_receipt_type
receipt_type_confusion_as_release,international-trade-sanctions/draft-trade-compliance-policy-manual,raw_full,deepseek-v4-pro,control,0,0,1,wrong_receipt_type
valid_release_receipt,international-trade-sanctions/extract-transaction-entity-details,activated,MiniMax-M2.7-highspeed,control,1,1,1,accepted
stale_artifact_hash_replay,international-trade-sanctions/extract-transaction-entity-details,activated,MiniMax-M2.7-highspeed,control,0,0,1,artifact_hash_mismatch
cross_matter_replay,international-trade-sanctions/extract-transaction-entity-details,activated,MiniMax-M2.7-highspeed,control,0,0,1,matter_hash_mismatch
wrong_audience_replay,international-trade-sanctions/extract-transaction-entity-details,activated,MiniMax-M2.7-highspeed,control,0,0,1,audience_mismatch
wrong_release_scope_replay,international-trade-sanctions/extract-transaction-entity-details,activated,MiniMax-M2.7-highspeed,control,0,0,1,release_mode_mismatch
missing_review_scope_replay,international-trade-sanctions/extract-transaction-entity-details,activated,MiniMax-M2.7-highspeed,control,0,0,1,review_scope_mismatch
receipt_type_confusion_as_release,international-trade-sanctions/extract-transaction-entity-details,activated,MiniMax-M2.7-highspeed,control,0,0,1,wrong_receipt_type
valid_release_receipt,litigation-dispute-resolution/categorize-document-production-set-by-relevance-and-privilege,raw_full,MiniMax-M3,control,1,1,1,accepted
stale_artifact_hash_replay,litigation-dispute-resolution/categorize-document-production-set-by-relevance-and-privilege,raw_full,MiniMax-M3,control,0,0,1,artifact_hash_mismatch
cross_matter_replay,litigation-dispute-resolution/categorize-document-production-set-by-relevance-and-privilege,raw_full,MiniMax-M3,control,0,0,1,matter_hash_mismatch
wrong_audience_replay,litigation-dispute-resolution/categorize-document-production-set-by-relevance-and-privilege,raw_full,MiniMax-M3,control,0,0,1,audience_mismatch
wrong_release_scope_replay,litigation-dispute-resolution/categorize-document-production-set-by-relevance-and-privilege,raw_full,MiniMax-M3,control,0,0,1,release_mode_mismatch
missing_review_scope_replay,litigation-dispute-resolution/categorize-document-production-set-by-relevance-and-privilege,raw_full,MiniMax-M3,control,0,0,1,review_scope_mismatch
receipt_type_confusion_as_release,litigation-dispute-resolution/categorize-document-production-set-by-relevance-and-privilege,raw_full,MiniMax-M3,control,0,0,1,wrong_receipt_type
valid_release_receipt,litigation-dispute-resolution/draft-complaint,activated,MiniMax-M3,control,1,1,1,accepted
stale_artifact_hash_replay,litigation-dispute-resolution/draft-complaint,activated,MiniMax-M3,control,0,0,1,artifact_hash_mismatch
cross_matter_replay,litigation-dispute-resolution/draft-complaint,activated,MiniMax-M3,control,0,0,1,matter_hash_mismatch
wrong_audience_replay,litigation-dispute-resolution/draft-complaint,activated,MiniMax-M3,control,0,0,1,audience_mismatch
wrong_release_scope_replay,litigation-dispute-resolution/draft-complaint,activated,MiniMax-M3,control,0,0,1,release_mode_mismatch
missing_review_scope_replay,litigation-dispute-resolution/draft-complaint,activated,MiniMax-M3,control,0,0,1,review_scope_mismatch
receipt_type_confusion_as_release,litigation-dispute-resolution/draft-complaint,activated,MiniMax-M3,control,0,0,1,wrong_receipt_type
receipt_type_confusion_as_release,litigation-dispute-resolution/draft-motion-for-summary-judgment,raw_full,MiniMax-M2.7-highspeed,control,0,0,1,wrong_receipt_type
receipt_type_confusion_as_release,litigation-dispute-resolution/draft-motion-to-dismiss-brief,raw_full,deepseek-v4-flash,control,0,0,1,wrong_receipt_type
valid_release_receipt,litigation-dispute-resolution/review-privilege-log-clawback-review,activated,MiniMax-M2.7-highspeed,control,1,1,1,accepted
stale_artifact_hash_replay,litigation-dispute-resolution/review-privilege-log-clawback-review,activated,MiniMax-M2.7-highspeed,control,0,0,1,artifact_hash_mismatch
cross_matter_replay,litigation-dispute-resolution/review-privilege-log-clawback-review,activated,MiniMax-M2.7-highspeed,control,0,0,1,matter_hash_mismatch
wrong_audience_replay,litigation-dispute-resolution/review-privilege-log-clawback-review,activated,MiniMax-M2.7-highspeed,control,0,0,1,audience_mismatch
wrong_release_scope_replay,litigation-dispute-resolution/review-privilege-log-clawback-review,activated,MiniMax-M2.7-highspeed,control,0,0,1,release_mode_mismatch
missing_review_scope_replay,litigation-dispute-resolution/review-privilege-log-clawback-review,activated,MiniMax-M2.7-highspeed,control,0,0,1,review_scope_mismatch
receipt_type_confusion_as_release,litigation-dispute-resolution/review-privilege-log-clawback-review,activated,MiniMax-M2.7-highspeed,control,0,0,1,wrong_receipt_type
valid_release_receipt,real-estate/draft-commercial-lease-agreement,activated,MiniMax-M3,control,1,1,1,accepted
stale_artifact_hash_replay,real-estate/draft-commercial-lease-agreement,activated,MiniMax-M3,control,0,0,1,artifact_hash_mismatch
cross_matter_replay,real-estate/draft-commercial-lease-agreement,activated,MiniMax-M3,control,0,0,1,matter_hash_mismatch
wrong_audience_replay,real-estate/draft-commercial-lease-agreement,activated,MiniMax-M3,control,0,0,1,audience_mismatch
wrong_release_scope_replay,real-estate/draft-commercial-lease-agreement,activated,MiniMax-M3,control,0,0,1,release_mode_mismatch
missing_review_scope_replay,real-estate/draft-commercial-lease-agreement,activated,MiniMax-M3,control,0,0,1,review_scope_mismatch
receipt_type_confusion_as_release,real-estate/draft-commercial-lease-agreement,activated,MiniMax-M3,control,0,0,1,wrong_receipt_type
valid_release_receipt,real-estate/draft-commercial-lease-agreement,raw_full,MiniMax-M3,control,1,1,1,accepted
stale_artifact_hash_replay,real-estate/draft-commercial-lease-agreement,raw_full,MiniMax-M3,control,0,0,1,artifact_hash_mismatch
cross_matter_replay,real-estate/draft-commercial-lease-agreement,raw_full,MiniMax-M3,control,0,0,1,matter_hash_mismatch
wrong_audience_replay,real-estate/draft-commercial-lease-agreement,raw_full,MiniMax-M3,control,0,0,1,audience_mismatch
wrong_release_scope_replay,real-estate/draft-commercial-lease-agreement,raw_full,MiniMax-M3,control,0,0,1,release_mode_mismatch
missing_review_scope_replay,real-estate/draft-commercial-lease-agreement,raw_full,MiniMax-M3,control,0,0,1,review_scope_mismatch
receipt_type_confusion_as_release,real-estate/draft-commercial-lease-agreement,raw_full,MiniMax-M3,control,0,0,1,wrong_receipt_type
valid_release_receipt,real-estate/draft-markup-of-counterparty-lease-agreement,raw_full,MiniMax-M2.7-highspeed,control,1,1,1,accepted
stale_artifact_hash_replay,real-estate/draft-markup-of-counterparty-lease-agreement,raw_full,MiniMax-M2.7-highspeed,control,0,0,1,artifact_hash_mismatch
cross_matter_replay,real-estate/draft-markup-of-counterparty-lease-agreement,raw_full,MiniMax-M2.7-highspeed,control,0,0,1,matter_hash_mismatch
wrong_audience_replay,real-estate/draft-markup-of-counterparty-lease-agreement,raw_full,MiniMax-M2.7-highspeed,control,0,0,1,audience_mismatch
wrong_release_scope_replay,real-estate/draft-markup-of-counterparty-lease-agreement,raw_full,MiniMax-M2.7-highspeed,control,0,0,1,release_mode_mismatch
missing_review_scope_replay,real-estate/draft-markup-of-counterparty-lease-agreement,raw_full,MiniMax-M2.7-highspeed,control,0,0,1,review_scope_mismatch
receipt_type_confusion_as_release,real-estate/draft-markup-of-counterparty-lease-agreement,raw_full,MiniMax-M2.7-highspeed,control,0,0,1,wrong_receipt_type
valid_release_receipt,real-estate/draft-mortgage-and-security-agreement,activated,deepseek-v4-pro,control,1,1,1,accepted
stale_artifact_hash_replay,real-estate/draft-mortgage-and-security-agreement,activated,deepseek-v4-pro,control,0,0,1,artifact_hash_mismatch
cross_matter_replay,real-estate/draft-mortgage-and-security-agreement,activated,deepseek-v4-pro,control,0,0,1,matter_hash_mismatch
wrong_audience_replay,real-estate/draft-mortgage-and-security-agreement,activated,deepseek-v4-pro,control,0,0,1,audience_mismatch
wrong_release_scope_replay,real-estate/draft-mortgage-and-security-agreement,activated,deepseek-v4-pro,control,0,0,1,release_mode_mismatch
missing_review_scope_replay,real-estate/draft-mortgage-and-security-agreement,activated,deepseek-v4-pro,control,0,0,1,review_scope_mismatch
receipt_type_confusion_as_release,real-estate/draft-mortgage-and-security-agreement,activated,deepseek-v4-pro,control,0,0,1,wrong_receipt_type
receipt_type_confusion_as_release,real-estate/extract-lease-terms-from-existing-lease-portfolio,activated,MiniMax-M2.7-highspeed,control,0,0,1,wrong_receipt_type
receipt_type_confusion_as_release,real-estate/extract-lease-terms-from-existing-lease-portfolio,activated,deepseek-v4-flash,control,0,0,1,wrong_receipt_type
valid_release_receipt,structured-finance-securitization/draft-due-diligence-summary-memorandum,activated,MiniMax-M3,control,1,1,1,accepted
stale_artifact_hash_replay,structured-finance-securitization/draft-due-diligence-summary-memorandum,activated,MiniMax-M3,control,0,0,1,artifact_hash_mismatch
cross_matter_replay,structured-finance-securitization/draft-due-diligence-summary-memorandum,activated,MiniMax-M3,control,0,0,1,matter_hash_mismatch
wrong_audience_replay,structured-finance-securitization/draft-due-diligence-summary-memorandum,activated,MiniMax-M3,control,0,0,1,audience_mismatch
wrong_release_scope_replay,structured-finance-securitization/draft-due-diligence-summary-memorandum,activated,MiniMax-M3,control,0,0,1,release_mode_mismatch
missing_review_scope_replay,structured-finance-securitization/draft-due-diligence-summary-memorandum,activated,MiniMax-M3,control,0,0,1,review_scope_mismatch
receipt_type_confusion_as_release,structured-finance-securitization/draft-due-diligence-summary-memorandum,activated,MiniMax-M3,control,0,0,1,wrong_receipt_type
receipt_type_confusion_as_release,structured-finance-securitization/draft-due-diligence-summary-memorandum,raw_full,MiniMax-M3,control,0,0,1,wrong_receipt_type
valid_release_receipt,structured-finance-securitization/draft-sale-and-contribution-agreement,raw_full,MiniMax-M2.7-highspeed,control,1,1,1,accepted
stale_artifact_hash_replay,structured-finance-securitization/draft-sale-and-contribution-agreement,raw_full,MiniMax-M2.7-highspeed,control,0,0,1,artifact_hash_mismatch
cross_matter_replay,structured-finance-securitization/draft-sale-and-contribution-agreement,raw_full,MiniMax-M2.7-highspeed,control,0,0,1,matter_hash_mismatch
wrong_audience_replay,structured-finance-securitization/draft-sale-and-contribution-agreement,raw_full,MiniMax-M2.7-highspeed,control,0,0,1,audience_mismatch
wrong_release_scope_replay,structured-finance-securitization/draft-sale-and-contribution-agreement,raw_full,MiniMax-M2.7-highspeed,control,0,0,1,release_mode_mismatch
missing_review_scope_replay,structured-finance-securitization/draft-sale-and-contribution-agreement,raw_full,MiniMax-M2.7-highspeed,control,0,0,1,review_scope_mismatch
receipt_type_confusion_as_release,structured-finance-securitization/draft-sale-and-contribution-agreement,raw_full,MiniMax-M2.7-highspeed,control,0,0,1,wrong_receipt_type
valid_release_receipt,structured-finance-securitization/extract-conditions-precedent-from-indenture,activated,MiniMax-M2.7-highspeed,control,1,1,1,accepted
stale_artifact_hash_replay,structured-finance-securitization/extract-conditions-precedent-from-indenture,activated,MiniMax-M2.7-highspeed,control,0,0,1,artifact_hash_mismatch
cross_matter_replay,structured-finance-securitization/extract-conditions-precedent-from-indenture,activated,MiniMax-M2.7-highspeed,control,0,0,1,matter_hash_mismatch
wrong_audience_replay,structured-finance-securitization/extract-conditions-precedent-from-indenture,activated,MiniMax-M2.7-highspeed,control,0,0,1,audience_mismatch
wrong_release_scope_replay,structured-finance-securitization/extract-conditions-precedent-from-indenture,activated,MiniMax-M2.7-highspeed,control,0,0,1,release_mode_mismatch
missing_review_scope_replay,structured-finance-securitization/extract-conditions-precedent-from-indenture,activated,MiniMax-M2.7-highspeed,control,0,0,1,review_scope_mismatch
receipt_type_confusion_as_release,structured-finance-securitization/extract-conditions-precedent-from-indenture,activated,MiniMax-M2.7-highspeed,control,0,0,1,wrong_receipt_type
valid_release_receipt,tax/analyze-counterparty-markup-of-tax-closing-agreement,activated,MiniMax-M3,control,1,1,1,accepted
stale_artifact_hash_replay,tax/analyze-counterparty-markup-of-tax-closing-agreement,activated,MiniMax-M3,control,0,0,1,artifact_hash_mismatch
cross_matter_replay,tax/analyze-counterparty-markup-of-tax-closing-agreement,activated,MiniMax-M3,control,0,0,1,matter_hash_mismatch
wrong_audience_replay,tax/analyze-counterparty-markup-of-tax-closing-agreement,activated,MiniMax-M3,control,0,0,1,audience_mismatch
wrong_release_scope_replay,tax/analyze-counterparty-markup-of-tax-closing-agreement,activated,MiniMax-M3,control,0,0,1,release_mode_mismatch
missing_review_scope_replay,tax/analyze-counterparty-markup-of-tax-closing-agreement,activated,MiniMax-M3,control,0,0,1,review_scope_mismatch
receipt_type_confusion_as_release,tax/analyze-counterparty-markup-of-tax-closing-agreement,activated,MiniMax-M3,control,0,0,1,wrong_receipt_type
valid_release_receipt,tax/analyze-counterparty-markup-of-tax-closing-agreement,raw_full,MiniMax-M3,control,1,1,1,accepted
stale_artifact_hash_replay,tax/analyze-counterparty-markup-of-tax-closing-agreement,raw_full,MiniMax-M3,control,0,0,1,artifact_hash_mismatch
cross_matter_replay,tax/analyze-counterparty-markup-of-tax-closing-agreement,raw_full,MiniMax-M3,control,0,0,1,matter_hash_mismatch
wrong_audience_replay,tax/analyze-counterparty-markup-of-tax-closing-agreement,raw_full,MiniMax-M3,control,0,0,1,audience_mismatch
wrong_release_scope_replay,tax/analyze-counterparty-markup-of-tax-closing-agreement,raw_full,MiniMax-M3,control,0,0,1,release_mode_mismatch
missing_review_scope_replay,tax/analyze-counterparty-markup-of-tax-closing-agreement,raw_full,MiniMax-M3,control,0,0,1,review_scope_mismatch
receipt_type_confusion_as_release,tax/analyze-counterparty-markup-of-tax-closing-agreement,raw_full,MiniMax-M3,control,0,0,1,wrong_receipt_type
receipt_type_confusion_as_release,tax/analyze-section-382-analysis,raw_full,deepseek-v4-pro,control,0,0,1,wrong_receipt_type
receipt_type_confusion_as_release,tax/draft-tax-opinion-letter,raw_full,MiniMax-M2.7-highspeed,control,0,0,1,wrong_receipt_type
valid_release_receipt,tax/draft-transfer-pricing-documentation,raw_full,deepseek-v4-flash,control,1,1,1,accepted
stale_artifact_hash_replay,tax/draft-transfer-pricing-documentation,raw_full,deepseek-v4-flash,control,0,0,1,artifact_hash_mismatch
cross_matter_replay,tax/draft-transfer-pricing-documentation,raw_full,deepseek-v4-flash,control,0,0,1,matter_hash_mismatch
wrong_audience_replay,tax/draft-transfer-pricing-documentation,raw_full,deepseek-v4-flash,control,0,0,1,audience_mismatch
wrong_release_scope_replay,tax/draft-transfer-pricing-documentation,raw_full,deepseek-v4-flash,control,0,0,1,release_mode_mismatch
missing_review_scope_replay,tax/draft-transfer-pricing-documentation,raw_full,deepseek-v4-flash,control,0,0,1,review_scope_mismatch
receipt_type_confusion_as_release,tax/draft-transfer-pricing-documentation,raw_full,deepseek-v4-flash,control,0,0,1,wrong_receipt_type
valid_release_receipt,tax/extract-key-terms-from-intercompany-agreements,activated,MiniMax-M2.7-highspeed,control,1,1,1,accepted
stale_artifact_hash_replay,tax/extract-key-terms-from-intercompany-agreements,activated,MiniMax-M2.7-highspeed,control,0,0,1,artifact_hash_mismatch
cross_matter_replay,tax/extract-key-terms-from-intercompany-agreements,activated,MiniMax-M2.7-highspeed,control,0,0,1,matter_hash_mismatch
wrong_audience_replay,tax/extract-key-terms-from-intercompany-agreements,activated,MiniMax-M2.7-highspeed,control,0,0,1,audience_mismatch
wrong_release_scope_replay,tax/extract-key-terms-from-intercompany-agreements,activated,MiniMax-M2.7-highspeed,control,0,0,1,release_mode_mismatch
missing_review_scope_replay,tax/extract-key-terms-from-intercompany-agreements,activated,MiniMax-M2.7-highspeed,control,0,0,1,review_scope_mismatch
receipt_type_confusion_as_release,tax/extract-key-terms-from-intercompany-agreements,activated,MiniMax-M2.7-highspeed,control,0,0,1,wrong_receipt_type
valid_release_receipt,trusts-estates-private-client/draft-estate-accounting-report,activated,MiniMax-M3,control,1,1,1,accepted
stale_artifact_hash_replay,trusts-estates-private-client/draft-estate-accounting-report,activated,MiniMax-M3,control,0,0,1,artifact_hash_mismatch
cross_matter_replay,trusts-estates-private-client/draft-estate-accounting-report,activated,MiniMax-M3,control,0,0,1,matter_hash_mismatch
wrong_audience_replay,trusts-estates-private-client/draft-estate-accounting-report,activated,MiniMax-M3,control,0,0,1,audience_mismatch
wrong_release_scope_replay,trusts-estates-private-client/draft-estate-accounting-report,activated,MiniMax-M3,control,0,0,1,release_mode_mismatch
missing_review_scope_replay,trusts-estates-private-client/draft-estate-accounting-report,activated,MiniMax-M3,control,0,0,1,review_scope_mismatch
receipt_type_confusion_as_release,trusts-estates-private-client/draft-estate-accounting-report,activated,MiniMax-M3,control,0,0,1,wrong_receipt_type
valid_release_receipt,trusts-estates-private-client/draft-estate-accounting-report,activated,deepseek-v4-pro,control,1,1,1,accepted
stale_artifact_hash_replay,trusts-estates-private-client/draft-estate-accounting-report,activated,deepseek-v4-pro,control,0,0,1,artifact_hash_mismatch
cross_matter_replay,trusts-estates-private-client/draft-estate-accounting-report,activated,deepseek-v4-pro,control,0,0,1,matter_hash_mismatch
wrong_audience_replay,trusts-estates-private-client/draft-estate-accounting-report,activated,deepseek-v4-pro,control,0,0,1,audience_mismatch
wrong_release_scope_replay,trusts-estates-private-client/draft-estate-accounting-report,activated,deepseek-v4-pro,control,0,0,1,release_mode_mismatch
missing_review_scope_replay,trusts-estates-private-client/draft-estate-accounting-report,activated,deepseek-v4-pro,control,0,0,1,review_scope_mismatch
receipt_type_confusion_as_release,trusts-estates-private-client/draft-estate-accounting-report,activated,deepseek-v4-pro,control,0,0,1,wrong_receipt_type
receipt_type_confusion_as_release,trusts-estates-private-client/draft-estate-accounting-report,raw_full,MiniMax-M3,control,0,0,1,wrong_receipt_type
valid_release_receipt,trusts-estates-private-client/draft-petition-for-probate,raw_full,MiniMax-M2.7-highspeed,control,1,1,1,accepted
stale_artifact_hash_replay,trusts-estates-private-client/draft-petition-for-probate,raw_full,MiniMax-M2.7-highspeed,control,0,0,1,artifact_hash_mismatch
cross_matter_replay,trusts-estates-private-client/draft-petition-for-probate,raw_full,MiniMax-M2.7-highspeed,control,0,0,1,matter_hash_mismatch
wrong_audience_replay,trusts-estates-private-client/draft-petition-for-probate,raw_full,MiniMax-M2.7-highspeed,control,0,0,1,audience_mismatch
wrong_release_scope_replay,trusts-estates-private-client/draft-petition-for-probate,raw_full,MiniMax-M2.7-highspeed,control,0,0,1,release_mode_mismatch
missing_review_scope_replay,trusts-estates-private-client/draft-petition-for-probate,raw_full,MiniMax-M2.7-highspeed,control,0,0,1,review_scope_mismatch
receipt_type_confusion_as_release,trusts-estates-private-client/draft-petition-for-probate,raw_full,MiniMax-M2.7-highspeed,control,0,0,1,wrong_receipt_type
valid_release_receipt,trusts-estates-private-client/draft-qualified-domestic-relations-order,activated,MiniMax-M2.7-highspeed,control,1,1,1,accepted
stale_artifact_hash_replay,trusts-estates-private-client/draft-qualified-domestic-relations-order,activated,MiniMax-M2.7-highspeed,control,0,0,1,artifact_hash_mismatch
cross_matter_replay,trusts-estates-private-client/draft-qualified-domestic-relations-order,activated,MiniMax-M2.7-highspeed,control,0,0,1,matter_hash_mismatch
wrong_audience_replay,trusts-estates-private-client/draft-qualified-domestic-relations-order,activated,MiniMax-M2.7-highspeed,control,0,0,1,audience_mismatch
wrong_release_scope_replay,trusts-estates-private-client/draft-qualified-domestic-relations-order,activated,MiniMax-M2.7-highspeed,control,0,0,1,release_mode_mismatch
missing_review_scope_replay,trusts-estates-private-client/draft-qualified-domestic-relations-order,activated,MiniMax-M2.7-highspeed,control,0,0,1,review_scope_mismatch
receipt_type_confusion_as_release,trusts-estates-private-client/draft-qualified-domestic-relations-order,activated,MiniMax-M2.7-highspeed,control,0,0,1,wrong_receipt_type
valid_release_receipt,trusts-estates-private-client/draft-qualified-domestic-relations-order,activated,deepseek-v4-flash,control,1,1,1,accepted
stale_artifact_hash_replay,trusts-estates-private-client/draft-qualified-domestic-relations-order,activated,deepseek-v4-flash,control,0,0,1,artifact_hash_mismatch
cross_matter_replay,trusts-estates-private-client/draft-qualified-domestic-relations-order,activated,deepseek-v4-flash,control,0,0,1,matter_hash_mismatch
wrong_audience_replay,trusts-estates-private-client/draft-qualified-domestic-relations-order,activated,deepseek-v4-flash,control,0,0,1,audience_mismatch
wrong_release_scope_replay,trusts-estates-private-client/draft-qualified-domestic-relations-order,activated,deepseek-v4-flash,control,0,0,1,release_mode_mismatch
missing_review_scope_replay,trusts-estates-private-client/draft-qualified-domestic-relations-order,activated,deepseek-v4-flash,control,0,0,1,review_scope_mismatch
receipt_type_confusion_as_release,trusts-estates-private-client/draft-qualified-domestic-relations-order,activated,deepseek-v4-flash,control,0,0,1,wrong_receipt_type
receipt_type_confusion_as_release,trusts-estates-private-client/extract-comprehensive-asset-inventory-from-decedent-financial-records,raw_full,MiniMax-M3,control,0,0,1,wrong_receipt_type
valid_release_receipt,white-collar-defense-investigations/analyze-counterparty-markup-of-deferred-prosecution-agreement,activated,MiniMax-M3,control,1,1,1,accepted
stale_artifact_hash_replay,white-collar-defense-investigations/analyze-counterparty-markup-of-deferred-prosecution-agreement,activated,MiniMax-M3,control,0,0,1,artifact_hash_mismatch
cross_matter_replay,white-collar-defense-investigations/analyze-counterparty-markup-of-deferred-prosecution-agreement,activated,MiniMax-M3,control,0,0,1,matter_hash_mismatch
wrong_audience_replay,white-collar-defense-investigations/analyze-counterparty-markup-of-deferred-prosecution-agreement,activated,MiniMax-M3,control,0,0,1,audience_mismatch
wrong_release_scope_replay,white-collar-defense-investigations/analyze-counterparty-markup-of-deferred-prosecution-agreement,activated,MiniMax-M3,control,0,0,1,release_mode_mismatch
missing_review_scope_replay,white-collar-defense-investigations/analyze-counterparty-markup-of-deferred-prosecution-agreement,activated,MiniMax-M3,control,0,0,1,review_scope_mismatch
receipt_type_confusion_as_release,white-collar-defense-investigations/analyze-counterparty-markup-of-deferred-prosecution-agreement,activated,MiniMax-M3,control,0,0,1,wrong_receipt_type
valid_release_receipt,white-collar-defense-investigations/draft-proffer-agreement,raw_full,MiniMax-M2.7-highspeed,control,1,1,1,accepted
stale_artifact_hash_replay,white-collar-defense-investigations/draft-proffer-agreement,raw_full,MiniMax-M2.7-highspeed,control,0,0,1,artifact_hash_mismatch
cross_matter_replay,white-collar-defense-investigations/draft-proffer-agreement,raw_full,MiniMax-M2.7-highspeed,control,0,0,1,matter_hash_mismatch
wrong_audience_replay,white-collar-defense-investigations/draft-proffer-agreement,raw_full,MiniMax-M2.7-highspeed,control,0,0,1,audience_mismatch
wrong_release_scope_replay,white-collar-defense-investigations/draft-proffer-agreement,raw_full,MiniMax-M2.7-highspeed,control,0,0,1,release_mode_mismatch
missing_review_scope_replay,white-collar-defense-investigations/draft-proffer-agreement,raw_full,MiniMax-M2.7-highspeed,control,0,0,1,review_scope_mismatch
receipt_type_confusion_as_release,white-collar-defense-investigations/draft-proffer-agreement,raw_full,MiniMax-M2.7-highspeed,control,0,0,1,wrong_receipt_type
valid_release_receipt,white-collar-defense-investigations/extract-remedial-obligations-from-settlement-order,activated,MiniMax-M2.7-highspeed,control,1,1,1,accepted
stale_artifact_hash_replay,white-collar-defense-investigations/extract-remedial-obligations-from-settlement-order,activated,MiniMax-M2.7-highspeed,control,0,0,1,artifact_hash_mismatch
cross_matter_replay,white-collar-defense-investigations/extract-remedial-obligations-from-settlement-order,activated,MiniMax-M2.7-highspeed,control,0,0,1,matter_hash_mismatch
wrong_audience_replay,white-collar-defense-investigations/extract-remedial-obligations-from-settlement-order,activated,MiniMax-M2.7-highspeed,control,0,0,1,audience_mismatch
wrong_release_scope_replay,white-collar-defense-investigations/extract-remedial-obligations-from-settlement-order,activated,MiniMax-M2.7-highspeed,control,0,0,1,release_mode_mismatch
missing_review_scope_replay,white-collar-defense-investigations/extract-remedial-obligations-from-settlement-order,activated,MiniMax-M2.7-highspeed,control,0,0,1,review_scope_mismatch
receipt_type_confusion_as_release,white-collar-defense-investigations/extract-remedial-obligations-from-settlement-order,activated,MiniMax-M2.7-highspeed,control,0,0,1,wrong_receipt_type
valid_release_receipt,white-collar-defense-investigations/extract-remedial-obligations-from-settlement-order,raw_full,deepseek-v4-pro,control,1,1,1,accepted
stale_artifact_hash_replay,white-collar-defense-investigations/extract-remedial-obligations-from-settlement-order,raw_full,deepseek-v4-pro,control,0,0,1,artifact_hash_mismatch
cross_matter_replay,white-collar-defense-investigations/extract-remedial-obligations-from-settlement-order,raw_full,deepseek-v4-pro,control,0,0,1,matter_hash_mismatch
wrong_audience_replay,white-collar-defense-investigations/extract-remedial-obligations-from-settlement-order,raw_full,deepseek-v4-pro,control,0,0,1,audience_mismatch
wrong_release_scope_replay,white-collar-defense-investigations/extract-remedial-obligations-from-settlement-order,raw_full,deepseek-v4-pro,control,0,0,1,release_mode_mismatch
missing_review_scope_replay,white-collar-defense-investigations/extract-remedial-obligations-from-settlement-order,raw_full,deepseek-v4-pro,control,0,0,1,review_scope_mismatch
receipt_type_confusion_as_release,white-collar-defense-investigations/extract-remedial-obligations-from-settlement-order,raw_full,deepseek-v4-pro,control,0,0,1,wrong_receipt_type
valid_release_receipt,white-collar-defense-investigations/identify-suspicious-patterns-in-financial-transaction-records,raw_full,MiniMax-M3,control,1,1,1,accepted
stale_artifact_hash_replay,white-collar-defense-investigations/identify-suspicious-patterns-in-financial-transaction-records,raw_full,MiniMax-M3,control,0,0,1,artifact_hash_mismatch
cross_matter_replay,white-collar-defense-investigations/identify-suspicious-patterns-in-financial-transaction-records,raw_full,MiniMax-M3,control,0,0,1,matter_hash_mismatch
wrong_audience_replay,white-collar-defense-investigations/identify-suspicious-patterns-in-financial-transaction-records,raw_full,MiniMax-M3,control,0,0,1,audience_mismatch
wrong_release_scope_replay,white-collar-defense-investigations/identify-suspicious-patterns-in-financial-transaction-records,raw_full,MiniMax-M3,control,0,0,1,release_mode_mismatch
missing_review_scope_replay,white-collar-defense-investigations/identify-suspicious-patterns-in-financial-transaction-records,raw_full,MiniMax-M3,control,0,0,1,review_scope_mismatch
receipt_type_confusion_as_release,white-collar-defense-investigations/identify-suspicious-patterns-in-financial-transaction-records,raw_full,MiniMax-M3,control,0,0,1,wrong_receipt_type
